minute,operation,count
4,box_opening,60.0
5,box_opening,60.0
6,box_opening,64.0
7,box_opening,64.0
8,box_opening,60.0
9,box_opening,60.0
10,box_opening,64.0
11,box_opening,60.0
12,box_opening,60.0
13,box_opening,64.0
14,box_opening,60.0
15,box_opening,60.0
16,box_opening,64.0
17,box_opening,60.0
18,box_opening,64.0
19,box_opening,64.0
20,box_opening,60.0
21,box_opening,60.0
22,box_opening,64.0
23,box_opening,60.0
24,box_opening,60.0
25,box_opening,64.0
26,box_opening,60.0
27,box_opening,64.0
28,box_opening,60.0
29,box_opening,60.0
30,box_opening,64.0
31,box_opening,64.0
32,box_opening,60.0
33,box_opening,60.0
34,box_opening,64.0
35,box_opening,60.0
36,box_opening,60.0
37,box_opening,64.0
38,box_opening,60.0
39,box_opening,64.0
40,box_opening,60.0
41,box_opening,60.0
42,box_opening,64.0
43,box_opening,64.0
44,box_opening,60.0
45,box_opening,60.0
46,box_opening,64.0
47,box_opening,60.0
48,box_opening,60.0
49,box_opening,64.0
50,box_opening,60.0
51,box_opening,60.0
52,box_opening,64.0
53,box_opening,60.0
54,box_opening,64.0
55,box_opening,64.0
56,box_opening,60.0
57,box_opening,60.0
58,box_opening,64.0
59,box_opening,60.0
60,box_opening,60.0
61,box_opening,64.0
62,box_opening,60.0
63,box_opening,60.0
64,box_opening,64.0
65,box_opening,60.0
66,box_opening,64.0
67,box_opening,64.0
68,box_opening,60.0
69,box_opening,60.0
70,box_opening,64.0
71,box_opening,60.0
72,box_opening,60.0
73,box_opening,64.0
74,box_opening,60.0
75,box_opening,60.0
76,box_opening,64.0
77,box_opening,60.0
78,box_opening,64.0
79,box_opening,64.0
80,box_opening,60.0
81,box_opening,60.0
82,box_opening,64.0
83,box_opening,60.0
84,box_opening,60.0
85,box_opening,64.0
86,box_opening,60.0
87,box_opening,64.0
88,box_opening,60.0
89,box_opening,60.0
90,box_opening,64.0
91,box_opening,64.0
92,box_opening,60.0
93,box_opening,60.0
94,box_opening,64.0
95,box_opening,60.0
96,box_opening,60.0
97,box_opening,64.0
98,box_opening,60.0
99,box_opening,64.0
100,box_opening,60.0
101,box_opening,60.0
102,box_opening,64.0
103,box_opening,64.0
104,box_opening,60.0
105,box_opening,60.0
106,box_opening,64.0
107,box_opening,60.0
108,box_opening,60.0
109,box_opening,64.0
110,box_opening,60.0
111,box_opening,64.0
112,box_opening,60.0
113,box_opening,60.0
114,box_opening,64.0
115,box_opening,64.0
116,box_opening,60.0
117,box_opening,60.0
118,box_opening,64.0
119,box_opening,60.0
50,boxes_closed_by_timeout,22.0
51,boxes_closed_by_timeout,27.0
52,boxes_closed_by_timeout,6.0
53,boxes_closed_by_timeout,6.0
54,boxes_closed_by_timeout,2.0
55,boxes_closed_by_timeout,1.0
56,boxes_closed_by_timeout,1.0
57,boxes_closed_by_timeout,2.0
61,boxes_closed_by_timeout,1.0
80,boxes_closed_by_timeout,2.0
81,boxes_closed_by_timeout,1.0
83,boxes_closed_by_timeout,2.0
84,boxes_closed_by_timeout,2.0
85,boxes_closed_by_timeout,1.0
86,boxes_closed_by_timeout,1.0
87,boxes_closed_by_timeout,4.0
88,boxes_closed_by_timeout,3.0
89,boxes_closed_by_timeout,1.0
90,boxes_closed_by_timeout,4.0
91,boxes_closed_by_timeout,1.0
92,boxes_closed_by_timeout,1.0
93,boxes_closed_by_timeout,1.0
94,boxes_closed_by_timeout,2.0
95,boxes_closed_by_timeout,2.0
96,boxes_closed_by_timeout,5.0
97,boxes_closed_by_timeout,10.0
98,boxes_closed_by_timeout,9.0
99,boxes_closed_by_timeout,7.0
100,boxes_closed_by_timeout,1.0
101,boxes_closed_by_timeout,3.0
102,boxes_closed_by_timeout,1.0
103,boxes_closed_by_timeout,2.0
108,boxes_closed_by_timeout,1.0
111,boxes_closed_by_timeout,1.0
113,boxes_closed_by_timeout,1.0
114,boxes_closed_by_timeout,1.0
116,boxes_closed_by_timeout,1.0
118,boxes_closed_by_timeout,1.0
119,boxes_closed_by_timeout,1.0
2,depalletizing_pallets,3.0
3,depalletizing_pallets,3.0
4,depalletizing_pallets,3.0
5,depalletizing_pallets,3.0
6,depalletizing_pallets,3.0
7,depalletizing_pallets,3.0
8,depalletizing_pallets,3.0
9,depalletizing_pallets,3.0
10,depalletizing_pallets,3.0
11,depalletizing_pallets,3.0
12,depalletizing_pallets,3.0
13,depalletizing_pallets,3.0
14,depalletizing_pallets,4.0
15,depalletizing_pallets,3.0
16,depalletizing_pallets,3.0
17,depalletizing_pallets,3.0
18,depalletizing_pallets,3.0
19,depalletizing_pallets,3.0
20,depalletizing_pallets,3.0
21,depalletizing_pallets,3.0
22,depalletizing_pallets,3.0
23,depalletizing_pallets,3.0
24,depalletizing_pallets,3.0
25,depalletizing_pallets,4.0
26,depalletizing_pallets,3.0
27,depalletizing_pallets,3.0
28,depalletizing_pallets,3.0
29,depalletizing_pallets,3.0
30,depalletizing_pallets,3.0
31,depalletizing_pallets,3.0
32,depalletizing_pallets,3.0
33,depalletizing_pallets,3.0
34,depalletizing_pallets,3.0
35,depalletizing_pallets,3.0
36,depalletizing_pallets,3.0
37,depalletizing_pallets,4.0
38,depalletizing_pallets,3.0
39,depalletizing_pallets,3.0
40,depalletizing_pallets,3.0
41,depalletizing_pallets,3.0
42,depalletizing_pallets,3.0
43,depalletizing_pallets,3.0
44,depalletizing_pallets,3.0
45,depalletizing_pallets,3.0
46,depalletizing_pallets,3.0
47,depalletizing_pallets,3.0
48,depalletizing_pallets,3.0
49,depalletizing_pallets,3.0
50,depalletizing_pallets,4.0
51,depalletizing_pallets,3.0
52,depalletizing_pallets,3.0
53,depalletizing_pallets,3.0
54,depalletizing_pallets,3.0
55,depalletizing_pallets,3.0
56,depalletizing_pallets,3.0
57,depalletizing_pallets,3.0
58,depalletizing_pallets,3.0
59,depalletizing_pallets,3.0
60,depalletizing_pallets,3.0
61,depalletizing_pallets,3.0
62,depalletizing_pallets,4.0
63,depalletizing_pallets,3.0
64,depalletizing_pallets,3.0
65,depalletizing_pallets,3.0
66,depalletizing_pallets,3.0
67,depalletizing_pallets,3.0
68,depalletizing_pallets,3.0
69,depalletizing_pallets,3.0
70,depalletizing_pallets,3.0
71,depalletizing_pallets,3.0
72,depalletizing_pallets,3.0
73,depalletizing_pallets,3.0
74,depalletizing_pallets,4.0
75,depalletizing_pallets,3.0
76,depalletizing_pallets,3.0
77,depalletizing_pallets,3.0
78,depalletizing_pallets,3.0
79,depalletizing_pallets,3.0
80,depalletizing_pallets,3.0
81,depalletizing_pallets,3.0
82,depalletizing_pallets,3.0
83,depalletizing_pallets,3.0
84,depalletizing_pallets,3.0
85,depalletizing_pallets,4.0
86,depalletizing_pallets,3.0
87,depalletizing_pallets,3.0
88,depalletizing_pallets,3.0
89,depalletizing_pallets,3.0
90,depalletizing_pallets,3.0
91,depalletizing_pallets,3.0
92,depalletizing_pallets,3.0
93,depalletizing_pallets,3.0
94,depalletizing_pallets,3.0
95,depalletizing_pallets,3.0
96,depalletizing_pallets,3.0
97,depalletizing_pallets,4.0
98,depalletizing_pallets,3.0
99,depalletizing_pallets,3.0
100,depalletizing_pallets,3.0
101,depalletizing_pallets,3.0
102,depalletizing_pallets,3.0
103,depalletizing_pallets,3.0
104,depalletizing_pallets,3.0
105,depalletizing_pallets,3.0
106,depalletizing_pallets,3.0
107,depalletizing_pallets,3.0
108,depalletizing_pallets,3.0
109,depalletizing_pallets,4.0
110,depalletizing_pallets,3.0
111,depalletizing_pallets,3.0
112,depalletizing_pallets,3.0
113,depalletizing_pallets,3.0
114,depalletizing_pallets,3.0
115,depalletizing_pallets,3.0
116,depalletizing_pallets,3.0
117,depalletizing_pallets,3.0
118,depalletizing_pallets,3.0
119,depalletizing_pallets,3.0
4,infeed_boxes,48.0
5,infeed_boxes,62.0
6,infeed_boxes,62.0
7,infeed_boxes,60.0
8,infeed_boxes,62.0
9,infeed_boxes,62.0
10,infeed_boxes,60.0
11,infeed_boxes,64.0
12,infeed_boxes,60.0
13,infeed_boxes,60.0
14,infeed_boxes,64.0
15,infeed_boxes,62.0
16,infeed_boxes,62.0
17,infeed_boxes,62.0
18,infeed_boxes,62.0
19,infeed_boxes,60.0
20,infeed_boxes,62.0
21,infeed_boxes,62.0
22,infeed_boxes,60.0
23,infeed_boxes,64.0
24,infeed_boxes,60.0
25,infeed_boxes,60.0
26,infeed_boxes,64.0
27,infeed_boxes,62.0
28,infeed_boxes,62.0
29,infeed_boxes,62.0
30,infeed_boxes,62.0
31,infeed_boxes,60.0
32,infeed_boxes,62.0
33,infeed_boxes,62.0
34,infeed_boxes,60.0
35,infeed_boxes,64.0
36,infeed_boxes,60.0
37,infeed_boxes,60.0
38,infeed_boxes,64.0
39,infeed_boxes,62.0
40,infeed_boxes,62.0
41,infeed_boxes,62.0
42,infeed_boxes,62.0
43,infeed_boxes,60.0
44,infeed_boxes,62.0
45,infeed_boxes,62.0
46,infeed_boxes,60.0
47,infeed_boxes,64.0
48,infeed_boxes,60.0
49,infeed_boxes,60.0
50,infeed_boxes,64.0
51,infeed_boxes,62.0
52,infeed_boxes,62.0
53,infeed_boxes,62.0
54,infeed_boxes,62.0
55,infeed_boxes,60.0
56,infeed_boxes,62.0
57,infeed_boxes,62.0
58,infeed_boxes,60.0
59,infeed_boxes,64.0
60,infeed_boxes,60.0
61,infeed_boxes,60.0
62,infeed_boxes,64.0
63,infeed_boxes,62.0
64,infeed_boxes,62.0
65,infeed_boxes,62.0
66,infeed_boxes,62.0
67,infeed_boxes,60.0
68,infeed_boxes,62.0
69,infeed_boxes,62.0
70,infeed_boxes,60.0
71,infeed_boxes,64.0
72,infeed_boxes,60.0
73,infeed_boxes,60.0
74,infeed_boxes,64.0
75,infeed_boxes,62.0
76,infeed_boxes,62.0
77,infeed_boxes,62.0
78,infeed_boxes,62.0
79,infeed_boxes,60.0
80,infeed_boxes,62.0
81,infeed_boxes,62.0
82,infeed_boxes,60.0
83,infeed_boxes,64.0
84,infeed_boxes,60.0
85,infeed_boxes,60.0
86,infeed_boxes,64.0
87,infeed_boxes,62.0
88,infeed_boxes,62.0
89,infeed_boxes,62.0
90,infeed_boxes,62.0
91,infeed_boxes,60.0
92,infeed_boxes,62.0
93,infeed_boxes,62.0
94,infeed_boxes,60.0
95,infeed_boxes,64.0
96,infeed_boxes,60.0
97,infeed_boxes,60.0
98,infeed_boxes,64.0
99,infeed_boxes,62.0
100,infeed_boxes,62.0
101,infeed_boxes,62.0
102,infeed_boxes,62.0
103,infeed_boxes,60.0
104,infeed_boxes,62.0
105,infeed_boxes,62.0
106,infeed_boxes,60.0
107,infeed_boxes,64.0
108,infeed_boxes,60.0
109,infeed_boxes,60.0
110,infeed_boxes,64.0
111,infeed_boxes,62.0
112,infeed_boxes,62.0
113,infeed_boxes,62.0
114,infeed_boxes,62.0
115,infeed_boxes,60.0
116,infeed_boxes,62.0
117,infeed_boxes,62.0
118,infeed_boxes,60.0
119,infeed_boxes,64.0
4,infeed_items,1296.0
5,infeed_items,1674.0
6,infeed_items,1674.0
7,infeed_items,1620.0
8,infeed_items,1674.0
9,infeed_items,1674.0
10,infeed_items,1620.0
11,infeed_items,1728.0
12,infeed_items,1620.0
13,infeed_items,1620.0
14,infeed_items,1728.0
15,infeed_items,1674.0
16,infeed_items,1674.0
17,infeed_items,1674.0
18,infeed_items,1674.0
19,infeed_items,1620.0
20,infeed_items,1674.0
21,infeed_items,1674.0
22,infeed_items,1620.0
23,infeed_items,1728.0
24,infeed_items,1620.0
25,infeed_items,1620.0
26,infeed_items,1728.0
27,infeed_items,1674.0
28,infeed_items,1674.0
29,infeed_items,1674.0
30,infeed_items,1674.0
31,infeed_items,1620.0
32,infeed_items,1674.0
33,infeed_items,1674.0
34,infeed_items,1620.0
35,infeed_items,1728.0
36,infeed_items,1620.0
37,infeed_items,1620.0
38,infeed_items,1728.0
39,infeed_items,1674.0
40,infeed_items,1674.0
41,infeed_items,1674.0
42,infeed_items,1674.0
43,infeed_items,1620.0
44,infeed_items,1674.0
45,infeed_items,1674.0
46,infeed_items,1620.0
47,infeed_items,1728.0
48,infeed_items,1620.0
49,infeed_items,1620.0
50,infeed_items,1728.0
51,infeed_items,1674.0
52,infeed_items,1674.0
53,infeed_items,1674.0
54,infeed_items,1674.0
55,infeed_items,1620.0
56,infeed_items,1674.0
57,infeed_items,1674.0
58,infeed_items,1620.0
59,infeed_items,1728.0
60,infeed_items,1620.0
61,infeed_items,1620.0
62,infeed_items,1728.0
63,infeed_items,1674.0
64,infeed_items,1674.0
65,infeed_items,1674.0
66,infeed_items,1674.0
67,infeed_items,1620.0
68,infeed_items,1674.0
69,infeed_items,1674.0
70,infeed_items,1620.0
71,infeed_items,1728.0
72,infeed_items,1620.0
73,infeed_items,1620.0
74,infeed_items,1728.0
75,infeed_items,1674.0
76,infeed_items,1674.0
77,infeed_items,1674.0
78,infeed_items,1674.0
79,infeed_items,1620.0
80,infeed_items,1674.0
81,infeed_items,1674.0
82,infeed_items,1620.0
83,infeed_items,1728.0
84,infeed_items,1620.0
85,infeed_items,1620.0
86,infeed_items,1728.0
87,infeed_items,1674.0
88,infeed_items,1674.0
89,infeed_items,1674.0
90,infeed_items,1674.0
91,infeed_items,1620.0
92,infeed_items,1674.0
93,infeed_items,1674.0
94,infeed_items,1620.0
95,infeed_items,1728.0
96,infeed_items,1620.0
97,infeed_items,1620.0
98,infeed_items,1728.0
99,infeed_items,1674.0
100,infeed_items,1674.0
101,infeed_items,1674.0
102,infeed_items,1674.0
103,infeed_items,1620.0
104,infeed_items,1674.0
105,infeed_items,1674.0
106,infeed_items,1620.0
107,infeed_items,1728.0
108,infeed_items,1620.0
109,infeed_items,1620.0
110,infeed_items,1728.0
111,infeed_items,1674.0
112,infeed_items,1674.0
113,infeed_items,1674.0
114,infeed_items,1674.0
115,infeed_items,1620.0
116,infeed_items,1674.0
117,infeed_items,1674.0
118,infeed_items,1620.0
119,infeed_items,1728.0
4,manual_sorted_items,19.0
5,manual_sorted_items,86.0
6,manual_sorted_items,94.0
7,manual_sorted_items,73.0
8,manual_sorted_items,101.0
9,manual_sorted_items,75.0
10,manual_sorted_items,85.0
11,manual_sorted_items,89.0
12,manual_sorted_items,90.0
13,manual_sorted_items,78.0
14,manual_sorted_items,87.0
15,manual_sorted_items,71.0
16,manual_sorted_items,76.0
17,manual_sorted_items,68.0
18,manual_sorted_items,66.0
19,manual_sorted_items,79.0
20,manual_sorted_items,89.0
21,manual_sorted_items,63.0
22,manual_sorted_items,86.0
23,manual_sorted_items,82.0
24,manual_sorted_items,75.0
25,manual_sorted_items,89.0
26,manual_sorted_items,91.0
27,manual_sorted_items,88.0
28,manual_sorted_items,68.0
29,manual_sorted_items,89.0
30,manual_sorted_items,94.0
31,manual_sorted_items,89.0
32,manual_sorted_items,81.0
33,manual_sorted_items,84.0
34,manual_sorted_items,92.0
35,manual_sorted_items,93.0
36,manual_sorted_items,86.0
37,manual_sorted_items,83.0
38,manual_sorted_items,80.0
39,manual_sorted_items,82.0
40,manual_sorted_items,60.0
41,manual_sorted_items,69.0
42,manual_sorted_items,102.0
43,manual_sorted_items,96.0
44,manual_sorted_items,94.0
45,manual_sorted_items,96.0
46,manual_sorted_items,68.0
47,manual_sorted_items,78.0
48,manual_sorted_items,73.0
49,manual_sorted_items,90.0
50,manual_sorted_items,100.0
51,manual_sorted_items,90.0
52,manual_sorted_items,97.0
53,manual_sorted_items,83.0
54,manual_sorted_items,77.0
55,manual_sorted_items,86.0
56,manual_sorted_items,85.0
57,manual_sorted_items,86.0
58,manual_sorted_items,70.0
59,manual_sorted_items,73.0
60,manual_sorted_items,82.0
61,manual_sorted_items,93.0
62,manual_sorted_items,96.0
63,manual_sorted_items,85.0
64,manual_sorted_items,93.0
65,manual_sorted_items,81.0
66,manual_sorted_items,103.0
67,manual_sorted_items,95.0
68,manual_sorted_items,84.0
69,manual_sorted_items,80.0
70,manual_sorted_items,77.0
71,manual_sorted_items,81.0
72,manual_sorted_items,76.0
73,manual_sorted_items,74.0
74,manual_sorted_items,74.0
75,manual_sorted_items,90.0
76,manual_sorted_items,85.0
77,manual_sorted_items,89.0
78,manual_sorted_items,73.0
79,manual_sorted_items,82.0
80,manual_sorted_items,76.0
81,manual_sorted_items,90.0
82,manual_sorted_items,84.0
83,manual_sorted_items,75.0
84,manual_sorted_items,102.0
85,manual_sorted_items,62.0
86,manual_sorted_items,74.0
87,manual_sorted_items,78.0
88,manual_sorted_items,86.0
89,manual_sorted_items,61.0
90,manual_sorted_items,67.0
91,manual_sorted_items,88.0
92,manual_sorted_items,81.0
93,manual_sorted_items,86.0
94,manual_sorted_items,83.0
95,manual_sorted_items,96.0
96,manual_sorted_items,74.0
97,manual_sorted_items,85.0
98,manual_sorted_items,91.0
99,manual_sorted_items,96.0
100,manual_sorted_items,74.0
101,manual_sorted_items,101.0
102,manual_sorted_items,85.0
103,manual_sorted_items,85.0
104,manual_sorted_items,97.0
105,manual_sorted_items,90.0
106,manual_sorted_items,71.0
107,manual_sorted_items,84.0
108,manual_sorted_items,90.0
109,manual_sorted_items,96.0
110,manual_sorted_items,70.0
111,manual_sorted_items,97.0
112,manual_sorted_items,63.0
113,manual_sorted_items,89.0
114,manual_sorted_items,86.0
115,manual_sorted_items,104.0
116,manual_sorted_items,63.0
117,manual_sorted_items,87.0
118,manual_sorted_items,83.0
119,manual_sorted_items,74.0
4,nonsort_items,66.0
5,nonsort_items,96.0
6,nonsort_items,80.0
7,nonsort_items,88.0
8,nonsort_items,78.0
9,nonsort_items,87.0
10,nonsort_items,101.0
11,nonsort_items,77.0
12,nonsort_items,82.0
13,nonsort_items,84.0
14,nonsort_items,81.0
15,nonsort_items,63.0
16,nonsort_items,76.0
17,nonsort_items,69.0
18,nonsort_items,76.0
19,nonsort_items,79.0
20,nonsort_items,76.0
21,nonsort_items,78.0
22,nonsort_items,69.0
23,nonsort_items,94.0
24,nonsort_items,86.0
25,nonsort_items,85.0
26,nonsort_items,100.0
27,nonsort_items,67.0
28,nonsort_items,90.0
29,nonsort_items,92.0
30,nonsort_items,86.0
31,nonsort_items,72.0
32,nonsort_items,90.0
33,nonsort_items,100.0
34,nonsort_items,95.0
35,nonsort_items,85.0
36,nonsort_items,68.0
37,nonsort_items,77.0
38,nonsort_items,88.0
39,nonsort_items,79.0
40,nonsort_items,73.0
41,nonsort_items,90.0
42,nonsort_items,90.0
43,nonsort_items,93.0
44,nonsort_items,88.0
45,nonsort_items,72.0
46,nonsort_items,79.0
47,nonsort_items,77.0
48,nonsort_items,109.0
49,nonsort_items,98.0
50,nonsort_items,75.0
51,nonsort_items,80.0
52,nonsort_items,90.0
53,nonsort_items,81.0
54,nonsort_items,85.0
55,nonsort_items,88.0
56,nonsort_items,82.0
57,nonsort_items,81.0
58,nonsort_items,69.0
59,nonsort_items,80.0
60,nonsort_items,90.0
61,nonsort_items,88.0
62,nonsort_items,101.0
63,nonsort_items,102.0
64,nonsort_items,87.0
65,nonsort_items,88.0
66,nonsort_items,88.0
67,nonsort_items,85.0
68,nonsort_items,77.0
69,nonsort_items,93.0
70,nonsort_items,64.0
71,nonsort_items,87.0
72,nonsort_items,71.0
73,nonsort_items,67.0
74,nonsort_items,91.0
75,nonsort_items,95.0
76,nonsort_items,78.0
77,nonsort_items,70.0
78,nonsort_items,92.0
79,nonsort_items,83.0
80,nonsort_items,79.0
81,nonsort_items,85.0
82,nonsort_items,81.0
83,nonsort_items,81.0
84,nonsort_items,83.0
85,nonsort_items,69.0
86,nonsort_items,77.0
87,nonsort_items,84.0
88,nonsort_items,69.0
89,nonsort_items,67.0
90,nonsort_items,85.0
91,nonsort_items,86.0
92,nonsort_items,72.0
93,nonsort_items,94.0
94,nonsort_items,84.0
95,nonsort_items,80.0
96,nonsort_items,89.0
97,nonsort_items,79.0
98,nonsort_items,108.0
99,nonsort_items,71.0
100,nonsort_items,100.0
101,nonsort_items,94.0
102,nonsort_items,84.0
103,nonsort_items,89.0
104,nonsort_items,84.0
105,nonsort_items,82.0
106,nonsort_items,71.0
107,nonsort_items,104.0
108,nonsort_items,92.0
109,nonsort_items,68.0
110,nonsort_items,105.0
111,nonsort_items,64.0
112,nonsort_items,72.0
113,nonsort_items,108.0
114,nonsort_items,95.0
115,nonsort_items,76.0
116,nonsort_items,75.0
117,nonsort_items,68.0
118,nonsort_items,78.0
119,nonsort_items,90.0
4,outbound_boxes_closed,16.0
5,outbound_boxes_closed,36.0
6,outbound_boxes_closed,40.0
7,outbound_boxes_closed,44.0
8,outbound_boxes_closed,46.0
9,outbound_boxes_closed,47.0
10,outbound_boxes_closed,47.0
11,outbound_boxes_closed,50.0
12,outbound_boxes_closed,51.0
13,outbound_boxes_closed,43.0
14,outbound_boxes_closed,55.0
15,outbound_boxes_closed,50.0
16,outbound_boxes_closed,50.0
17,outbound_boxes_closed,55.0
18,outbound_boxes_closed,61.0
19,outbound_boxes_closed,52.0
20,outbound_boxes_closed,48.0
21,outbound_boxes_closed,45.0
22,outbound_boxes_closed,58.0
23,outbound_boxes_closed,61.0
24,outbound_boxes_closed,58.0
25,outbound_boxes_closed,59.0
26,outbound_boxes_closed,53.0
27,outbound_boxes_closed,60.0
28,outbound_boxes_closed,53.0
29,outbound_boxes_closed,55.0
30,outbound_boxes_closed,59.0
31,outbound_boxes_closed,59.0
32,outbound_boxes_closed,75.0
33,outbound_boxes_closed,56.0
34,outbound_boxes_closed,55.0
35,outbound_boxes_closed,56.0
36,outbound_boxes_closed,62.0
37,outbound_boxes_closed,56.0
38,outbound_boxes_closed,65.0
39,outbound_boxes_closed,59.0
40,outbound_boxes_closed,56.0
41,outbound_boxes_closed,56.0
42,outbound_boxes_closed,68.0
43,outbound_boxes_closed,53.0
44,outbound_boxes_closed,59.0
45,outbound_boxes_closed,59.0
46,outbound_boxes_closed,65.0
47,outbound_boxes_closed,58.0
48,outbound_boxes_closed,61.0
49,outbound_boxes_closed,60.0
50,outbound_boxes_closed,75.0
51,outbound_boxes_closed,78.0
52,outbound_boxes_closed,59.0
53,outbound_boxes_closed,67.0
54,outbound_boxes_closed,57.0
55,outbound_boxes_closed,52.0
56,outbound_boxes_closed,61.0
57,outbound_boxes_closed,61.0
58,outbound_boxes_closed,52.0
59,outbound_boxes_closed,62.0
60,outbound_boxes_closed,51.0
61,outbound_boxes_closed,54.0
62,outbound_boxes_closed,59.0
63,outbound_boxes_closed,49.0
64,outbound_boxes_closed,62.0
65,outbound_boxes_closed,54.0
66,outbound_boxes_closed,53.0
67,outbound_boxes_closed,53.0
68,outbound_boxes_closed,70.0
69,outbound_boxes_closed,56.0
70,outbound_boxes_closed,56.0
71,outbound_boxes_closed,54.0
72,outbound_boxes_closed,58.0
73,outbound_boxes_closed,53.0
74,outbound_boxes_closed,57.0
75,outbound_boxes_closed,58.0
76,outbound_boxes_closed,70.0
77,outbound_boxes_closed,63.0
78,outbound_boxes_closed,56.0
79,outbound_boxes_closed,56.0
80,outbound_boxes_closed,59.0
81,outbound_boxes_closed,53.0
82,outbound_boxes_closed,54.0
83,outbound_boxes_closed,67.0
84,outbound_boxes_closed,58.0
85,outbound_boxes_closed,67.0
86,outbound_boxes_closed,62.0
87,outbound_boxes_closed,53.0
88,outbound_boxes_closed,62.0
89,outbound_boxes_closed,56.0
90,outbound_boxes_closed,55.0
91,outbound_boxes_closed,68.0
92,outbound_boxes_closed,56.0
93,outbound_boxes_closed,62.0
94,outbound_boxes_closed,61.0
95,outbound_boxes_closed,56.0
96,outbound_boxes_closed,59.0
97,outbound_boxes_closed,68.0
98,outbound_boxes_closed,60.0
99,outbound_boxes_closed,68.0
100,outbound_boxes_closed,56.0
101,outbound_boxes_closed,64.0
102,outbound_boxes_closed,64.0
103,outbound_boxes_closed,53.0
104,outbound_boxes_closed,62.0
105,outbound_boxes_closed,55.0
106,outbound_boxes_closed,58.0
107,outbound_boxes_closed,52.0
108,outbound_boxes_closed,61.0
109,outbound_boxes_closed,60.0
110,outbound_boxes_closed,54.0
111,outbound_boxes_closed,48.0
112,outbound_boxes_closed,63.0
113,outbound_boxes_closed,60.0
114,outbound_boxes_closed,57.0
115,outbound_boxes_closed,54.0
116,outbound_boxes_closed,55.0
117,outbound_boxes_closed,62.0
118,outbound_boxes_closed,58.0
119,outbound_boxes_closed,63.0
12,palletizing_boxes,180.0
15,palletizing_boxes,120.0
16,palletizing_boxes,60.0
17,palletizing_boxes,60.0
18,palletizing_boxes,60.0
19,palletizing_boxes,20.0
20,palletizing_boxes,60.0
21,palletizing_boxes,60.0
22,palletizing_boxes,60.0
23,palletizing_boxes,60.0
24,palletizing_boxes,40.0
25,palletizing_boxes,20.0
26,palletizing_boxes,60.0
27,palletizing_boxes,80.0
28,palletizing_boxes,80.0
29,palletizing_boxes,60.0
30,palletizing_boxes,40.0
31,palletizing_boxes,60.0
32,palletizing_boxes,40.0
33,palletizing_boxes,80.0
34,palletizing_boxes,40.0
35,palletizing_boxes,80.0
36,palletizing_boxes,60.0
37,palletizing_boxes,60.0
38,palletizing_boxes,60.0
39,palletizing_boxes,40.0
40,palletizing_boxes,60.0
41,palletizing_boxes,60.0
42,palletizing_boxes,80.0
43,palletizing_boxes,60.0
44,palletizing_boxes,40.0
45,palletizing_boxes,60.0
46,palletizing_boxes,80.0
47,palletizing_boxes,40.0
48,palletizing_boxes,60.0
49,palletizing_boxes,60.0
50,palletizing_boxes,60.0
51,palletizing_boxes,60.0
52,palletizing_boxes,60.0
53,palletizing_boxes,80.0
54,palletizing_boxes,60.0
55,palletizing_boxes,80.0
56,palletizing_boxes,60.0
57,palletizing_boxes,60.0
58,palletizing_boxes,60.0
59,palletizing_boxes,60.0
60,palletizing_boxes,40.0
61,palletizing_boxes,80.0
62,palletizing_boxes,40.0
63,palletizing_boxes,80.0
64,palletizing_boxes,40.0
65,palletizing_boxes,60.0
66,palletizing_boxes,60.0
67,palletizing_boxes,40.0
68,palletizing_boxes,60.0
69,palletizing_boxes,60.0
70,palletizing_boxes,60.0
71,palletizing_boxes,60.0
72,palletizing_boxes,60.0
73,palletizing_boxes,60.0
74,palletizing_boxes,40.0
75,palletizing_boxes,60.0
76,palletizing_boxes,60.0
77,palletizing_boxes,60.0
78,palletizing_boxes,60.0
79,palletizing_boxes,60.0
80,palletizing_boxes,60.0
81,palletizing_boxes,60.0
82,palletizing_boxes,60.0
83,palletizing_boxes,60.0
84,palletizing_boxes,40.0
85,palletizing_boxes,60.0
86,palletizing_boxes,60.0
87,palletizing_boxes,80.0
88,palletizing_boxes,40.0
89,palletizing_boxes,80.0
90,palletizing_boxes,60.0
91,palletizing_boxes,60.0
92,palletizing_boxes,60.0
93,palletizing_boxes,40.0
94,palletizing_boxes,60.0
95,palletizing_boxes,60.0
96,palletizing_boxes,60.0
97,palletizing_boxes,80.0
98,palletizing_boxes,60.0
99,palletizing_boxes,40.0
100,palletizing_boxes,60.0
101,palletizing_boxes,80.0
102,palletizing_boxes,60.0
103,palletizing_boxes,60.0
104,palletizing_boxes,60.0
105,palletizing_boxes,60.0
106,palletizing_boxes,60.0
107,palletizing_boxes,60.0
108,palletizing_boxes,60.0
109,palletizing_boxes,40.0
110,palletizing_boxes,60.0
111,palletizing_boxes,40.0
112,palletizing_boxes,80.0
113,palletizing_boxes,60.0
114,palletizing_boxes,60.0
115,palletizing_boxes,40.0
116,palletizing_boxes,60.0
117,palletizing_boxes,80.0
118,palletizing_boxes,40.0
119,palletizing_boxes,60.0
12,pallets_built,9.0
15,pallets_built,6.0
16,pallets_built,3.0
17,pallets_built,3.0
18,pallets_built,3.0
19,pallets_built,1.0
20,pallets_built,3.0
21,pallets_built,3.0
22,pallets_built,3.0
23,pallets_built,3.0
24,pallets_built,2.0
25,pallets_built,1.0
26,pallets_built,3.0
27,pallets_built,4.0
28,pallets_built,4.0
29,pallets_built,3.0
30,pallets_built,2.0
31,pallets_built,3.0
32,pallets_built,2.0
33,pallets_built,4.0
34,pallets_built,2.0
35,pallets_built,4.0
36,pallets_built,3.0
37,pallets_built,3.0
38,pallets_built,3.0
39,pallets_built,2.0
40,pallets_built,3.0
41,pallets_built,3.0
42,pallets_built,4.0
43,pallets_built,3.0
44,pallets_built,2.0
45,pallets_built,3.0
46,pallets_built,4.0
47,pallets_built,2.0
48,pallets_built,3.0
49,pallets_built,3.0
50,pallets_built,3.0
51,pallets_built,3.0
52,pallets_built,3.0
53,pallets_built,4.0
54,pallets_built,3.0
55,pallets_built,4.0
56,pallets_built,3.0
57,pallets_built,3.0
58,pallets_built,3.0
59,pallets_built,3.0
60,pallets_built,2.0
61,pallets_built,4.0
62,pallets_built,2.0
63,pallets_built,4.0
64,pallets_built,2.0
65,pallets_built,3.0
66,pallets_built,3.0
67,pallets_built,2.0
68,pallets_built,3.0
69,pallets_built,3.0
70,pallets_built,3.0
71,pallets_built,3.0
72,pallets_built,3.0
73,pallets_built,3.0
74,pallets_built,2.0
75,pallets_built,3.0
76,pallets_built,3.0
77,pallets_built,3.0
78,pallets_built,3.0
79,pallets_built,3.0
80,pallets_built,3.0
81,pallets_built,3.0
82,pallets_built,3.0
83,pallets_built,3.0
84,pallets_built,2.0
85,pallets_built,3.0
86,pallets_built,3.0
87,pallets_built,4.0
88,pallets_built,2.0
89,pallets_built,4.0
90,pallets_built,3.0
91,pallets_built,3.0
92,pallets_built,3.0
93,pallets_built,2.0
94,pallets_built,3.0
95,pallets_built,3.0
96,pallets_built,3.0
97,pallets_built,4.0
98,pallets_built,3.0
99,pallets_built,2.0
100,pallets_built,3.0
101,pallets_built,4.0
102,pallets_built,3.0
103,pallets_built,3.0
104,pallets_built,3.0
105,pallets_built,3.0
106,pallets_built,3.0
107,pallets_built,3.0
108,pallets_built,3.0
109,pallets_built,2.0
110,pallets_built,3.0
111,pallets_built,2.0
112,pallets_built,4.0
113,pallets_built,3.0
114,pallets_built,3.0
115,pallets_built,2.0
116,pallets_built,3.0
117,pallets_built,4.0
118,pallets_built,2.0
119,pallets_built,3.0
0,receiving_pallets,3.0
1,receiving_pallets,3.0
2,receiving_pallets,3.0
3,receiving_pallets,3.0
4,receiving_pallets,3.0
5,receiving_pallets,3.0
6,receiving_pallets,3.0
7,receiving_pallets,3.0
8,receiving_pallets,3.0
9,receiving_pallets,3.0
10,receiving_pallets,3.0
11,receiving_pallets,3.0
12,receiving_pallets,4.0
13,receiving_pallets,3.0
14,receiving_pallets,3.0
15,receiving_pallets,3.0
16,receiving_pallets,3.0
17,receiving_pallets,3.0
18,receiving_pallets,3.0
19,receiving_pallets,3.0
20,receiving_pallets,3.0
21,receiving_pallets,3.0
22,receiving_pallets,3.0
23,receiving_pallets,4.0
24,receiving_pallets,3.0
25,receiving_pallets,3.0
26,receiving_pallets,3.0
27,receiving_pallets,3.0
28,receiving_pallets,3.0
29,receiving_pallets,3.0
30,receiving_pallets,3.0
31,receiving_pallets,3.0
32,receiving_pallets,3.0
33,receiving_pallets,3.0
34,receiving_pallets,3.0
35,receiving_pallets,4.0
36,receiving_pallets,3.0
37,receiving_pallets,3.0
38,receiving_pallets,3.0
39,receiving_pallets,3.0
40,receiving_pallets,3.0
41,receiving_pallets,3.0
42,receiving_pallets,3.0
43,receiving_pallets,3.0
44,receiving_pallets,3.0
45,receiving_pallets,3.0
46,receiving_pallets,3.0
47,receiving_pallets,3.0
48,receiving_pallets,4.0
49,receiving_pallets,3.0
50,receiving_pallets,3.0
51,receiving_pallets,3.0
52,receiving_pallets,3.0
53,receiving_pallets,3.0
54,receiving_pallets,3.0
55,receiving_pallets,3.0
56,receiving_pallets,3.0
57,receiving_pallets,3.0
58,receiving_pallets,3.0
59,receiving_pallets,3.0
60,receiving_pallets,4.0
61,receiving_pallets,3.0
62,receiving_pallets,3.0
63,receiving_pallets,3.0
64,receiving_pallets,3.0
65,receiving_pallets,3.0
66,receiving_pallets,3.0
67,receiving_pallets,3.0
68,receiving_pallets,3.0
69,receiving_pallets,3.0
70,receiving_pallets,3.0
71,receiving_pallets,3.0
72,receiving_pallets,4.0
73,receiving_pallets,3.0
74,receiving_pallets,3.0
75,receiving_pallets,3.0
76,receiving_pallets,3.0
77,receiving_pallets,3.0
78,receiving_pallets,3.0
79,receiving_pallets,3.0
80,receiving_pallets,3.0
81,receiving_pallets,3.0
82,receiving_pallets,3.0
83,receiving_pallets,4.0
84,receiving_pallets,3.0
85,receiving_pallets,3.0
86,receiving_pallets,3.0
87,receiving_pallets,3.0
88,receiving_pallets,3.0
89,receiving_pallets,3.0
90,receiving_pallets,3.0
91,receiving_pallets,3.0
92,receiving_pallets,3.0
93,receiving_pallets,3.0
94,receiving_pallets,3.0
95,receiving_pallets,4.0
96,receiving_pallets,3.0
97,receiving_pallets,3.0
98,receiving_pallets,3.0
99,receiving_pallets,3.0
100,receiving_pallets,3.0
101,receiving_pallets,3.0
102,receiving_pallets,3.0
103,receiving_pallets,3.0
104,receiving_pallets,3.0
105,receiving_pallets,3.0
106,receiving_pallets,3.0
107,receiving_pallets,4.0
108,receiving_pallets,3.0
109,receiving_pallets,3.0
110,receiving_pallets,3.0
111,receiving_pallets,3.0
112,receiving_pallets,3.0
113,receiving_pallets,3.0
114,receiving_pallets,3.0
115,receiving_pallets,3.0
116,receiving_pallets,3.0
117,receiving_pallets,3.0
118,receiving_pallets,3.0
119,receiving_pallets,4.0
6,rollcages_built,1.0
7,rollcages_built,1.0
8,rollcages_built,1.0
10,rollcages_built,1.0
11,rollcages_built,1.0
13,rollcages_built,1.0
14,rollcages_built,1.0
16,rollcages_built,1.0
17,rollcages_built,1.0
19,rollcages_built,1.0
20,rollcages_built,1.0
22,rollcages_built,1.0
24,rollcages_built,1.0
25,rollcages_built,1.0
26,rollcages_built,1.0
28,rollcages_built,1.0
29,rollcages_built,1.0
31,rollcages_built,1.0
32,rollcages_built,1.0
33,rollcages_built,1.0
35,rollcages_built,1.0
36,rollcages_built,1.0
38,rollcages_built,1.0
39,rollcages_built,1.0
41,rollcages_built,1.0
42,rollcages_built,1.0
43,rollcages_built,1.0
45,rollcages_built,1.0
46,rollcages_built,1.0
48,rollcages_built,1.0
49,rollcages_built,1.0
50,rollcages_built,1.0
52,rollcages_built,1.0
53,rollcages_built,1.0
55,rollcages_built,1.0
56,rollcages_built,1.0
57,rollcages_built,1.0
59,rollcages_built,1.0
61,rollcages_built,1.0
62,rollcages_built,1.0
63,rollcages_built,1.0
64,rollcages_built,1.0
66,rollcages_built,1.0
67,rollcages_built,1.0
68,rollcages_built,1.0
70,rollcages_built,1.0
71,rollcages_built,1.0
73,rollcages_built,1.0
75,rollcages_built,1.0
76,rollcages_built,1.0
77,rollcages_built,1.0
79,rollcages_built,1.0
80,rollcages_built,1.0
82,rollcages_built,1.0
83,rollcages_built,1.0
85,rollcages_built,1.0
86,rollcages_built,1.0
88,rollcages_built,1.0
90,rollcages_built,1.0
91,rollcages_built,1.0
93,rollcages_built,1.0
94,rollcages_built,1.0
95,rollcages_built,1.0
97,rollcages_built,1.0
98,rollcages_built,1.0
99,rollcages_built,1.0
101,rollcages_built,1.0
102,rollcages_built,1.0
104,rollcages_built,1.0
105,rollcages_built,1.0
106,rollcages_built,1.0
108,rollcages_built,1.0
109,rollcages_built,1.0
111,rollcages_built,1.0
112,rollcages_built,1.0
114,rollcages_built,1.0
115,rollcages_built,1.0
116,rollcages_built,1.0
118,rollcages_built,1.0
119,rollcages_built,1.0
4,sealing_boxes,12.0
5,sealing_boxes,34.0
6,sealing_boxes,38.0
7,sealing_boxes,45.0
8,sealing_boxes,46.0
9,sealing_boxes,49.0
10,sealing_boxes,45.0
11,sealing_boxes,50.0
12,sealing_boxes,51.0
13,sealing_boxes,45.0
14,sealing_boxes,51.0
15,sealing_boxes,50.0
16,sealing_boxes,52.0
17,sealing_boxes,50.0
18,sealing_boxes,59.0
19,sealing_boxes,60.0
20,sealing_boxes,41.0
21,sealing_boxes,51.0
22,sealing_boxes,57.0
23,sealing_boxes,58.0
24,sealing_boxes,61.0
25,sealing_boxes,54.0
26,sealing_boxes,60.0
27,sealing_boxes,56.0
28,sealing_boxes,55.0
29,sealing_boxes,51.0
30,sealing_boxes,62.0
31,sealing_boxes,56.0
32,sealing_boxes,70.0
33,sealing_boxes,65.0
34,sealing_boxes,53.0
35,sealing_boxes,56.0
36,sealing_boxes,64.0
37,sealing_boxes,55.0
38,sealing_boxes,61.0
39,sealing_boxes,62.0
40,sealing_boxes,59.0
41,sealing_boxes,57.0
42,sealing_boxes,66.0
43,sealing_boxes,52.0
44,sealing_boxes,58.0
45,sealing_boxes,60.0
46,sealing_boxes,64.0
47,sealing_boxes,59.0
48,sealing_boxes,55.0
49,sealing_boxes,62.0
50,sealing_boxes,72.0
51,sealing_boxes,72.0
52,sealing_boxes,71.0
53,sealing_boxes,68.0
54,sealing_boxes,55.0
55,sealing_boxes,57.0
56,sealing_boxes,54.0
57,sealing_boxes,62.0
58,sealing_boxes,56.0
59,sealing_boxes,54.0
60,sealing_boxes,60.0
61,sealing_boxes,51.0
62,sealing_boxes,60.0
63,sealing_boxes,53.0
64,sealing_boxes,57.0
65,sealing_boxes,55.0
66,sealing_boxes,52.0
67,sealing_boxes,54.0
68,sealing_boxes,66.0
69,sealing_boxes,61.0
70,sealing_boxes,52.0
71,sealing_boxes,59.0
72,sealing_boxes,55.0
73,sealing_boxes,57.0
74,sealing_boxes,55.0
75,sealing_boxes,61.0
76,sealing_boxes,61.0
77,sealing_boxes,65.0
78,sealing_boxes,56.0
79,sealing_boxes,55.0
80,sealing_boxes,63.0
81,sealing_boxes,51.0
82,sealing_boxes,56.0
83,sealing_boxes,65.0
84,sealing_boxes,56.0
85,sealing_boxes,72.0
86,sealing_boxes,56.0
87,sealing_boxes,59.0
88,sealing_boxes,61.0
89,sealing_boxes,54.0
90,sealing_boxes,58.0
91,sealing_boxes,62.0
92,sealing_boxes,59.0
93,sealing_boxes,63.0
94,sealing_boxes,63.0
95,sealing_boxes,54.0
96,sealing_boxes,62.0
97,sealing_boxes,67.0
98,sealing_boxes,60.0
99,sealing_boxes,62.0
100,sealing_boxes,58.0
101,sealing_boxes,66.0
102,sealing_boxes,58.0
103,sealing_boxes,61.0
104,sealing_boxes,61.0
105,sealing_boxes,58.0
106,sealing_boxes,53.0
107,sealing_boxes,52.0
108,sealing_boxes,62.0
109,sealing_boxes,57.0
110,sealing_boxes,55.0
111,sealing_boxes,57.0
112,sealing_boxes,51.0
113,sealing_boxes,65.0
114,sealing_boxes,58.0
115,sealing_boxes,56.0
116,sealing_boxes,52.0
117,sealing_boxes,64.0
118,sealing_boxes,55.0
119,sealing_boxes,62.0
4,sorted_items,1135.0
5,sorted_items,1571.0
6,sorted_items,1580.0
7,sorted_items,1586.0
8,sorted_items,1575.0
9,sorted_items,1581.0
10,sorted_items,1579.0
11,sorted_items,1570.0
12,sorted_items,1597.0
13,sorted_items,1569.0
14,sorted_items,1565.0
15,sorted_items,1599.0
16,sorted_items,1608.0
17,sorted_items,1605.0
18,sorted_items,1592.0
19,sorted_items,1583.0
20,sorted_items,1585.0
21,sorted_items,1596.0
22,sorted_items,1585.0
23,sorted_items,1578.0
24,sorted_items,1562.0
25,sorted_items,1589.0
26,sorted_items,1554.0
27,sorted_items,1608.0
28,sorted_items,1580.0
29,sorted_items,1557.0
30,sorted_items,1572.0
31,sorted_items,1621.0
32,sorted_items,1581.0
33,sorted_items,1558.0
34,sorted_items,1567.0
35,sorted_items,1556.0
36,sorted_items,1621.0
37,sorted_items,1575.0
38,sorted_items,1579.0
39,sorted_items,1575.0
40,sorted_items,1622.0
41,sorted_items,1570.0
42,sorted_items,1573.0
43,sorted_items,1573.0
44,sorted_items,1585.0
45,sorted_items,1582.0
46,sorted_items,1582.0
47,sorted_items,1583.0
48,sorted_items,1567.0
49,sorted_items,1560.0
50,sorted_items,1562.0
51,sorted_items,1609.0
52,sorted_items,1591.0
53,sorted_items,1584.0
54,sorted_items,1578.0
55,sorted_items,1585.0
56,sorted_items,1576.0
57,sorted_items,1585.0
58,sorted_items,1593.0
59,sorted_items,1579.0
60,sorted_items,1579.0
61,sorted_items,1554.0
62,sorted_items,1574.0
63,sorted_items,1568.0
64,sorted_items,1585.0
65,sorted_items,1586.0
66,sorted_items,1578.0
67,sorted_items,1585.0
68,sorted_items,1584.0
69,sorted_items,1569.0
70,sorted_items,1598.0
71,sorted_items,1572.0
72,sorted_items,1598.0
73,sorted_items,1580.0
74,sorted_items,1575.0
75,sorted_items,1570.0
76,sorted_items,1586.0
77,sorted_items,1620.0
78,sorted_items,1575.0
79,sorted_items,1565.0
80,sorted_items,1591.0
81,sorted_items,1591.0
82,sorted_items,1579.0
83,sorted_items,1575.0
84,sorted_items,1574.0
85,sorted_items,1606.0
86,sorted_items,1571.0
87,sorted_items,1566.0
88,sorted_items,1635.0
89,sorted_items,1588.0
90,sorted_items,1600.0
91,sorted_items,1568.0
92,sorted_items,1593.0
93,sorted_items,1564.0
94,sorted_items,1591.0
95,sorted_items,1565.0
96,sorted_items,1584.0
97,sorted_items,1584.0
98,sorted_items,1553.0
99,sorted_items,1586.0
100,sorted_items,1588.0
101,sorted_items,1571.0
102,sorted_items,1574.0
103,sorted_items,1589.0
104,sorted_items,1580.0
105,sorted_items,1565.0
106,sorted_items,1603.0
107,sorted_items,1556.0
108,sorted_items,1581.0
109,sorted_items,1588.0
110,sorted_items,1554.0
111,sorted_items,1589.0
112,sorted_items,1615.0
113,sorted_items,1536.0
114,sorted_items,1591.0
115,sorted_items,1591.0
116,sorted_items,1585.0
117,sorted_items,1589.0
118,sorted_items,1582.0
119,sorted_items,1583.0
4,sorted_items_s00,111.0
5,sorted_items_s00,131.0
6,sorted_items_s00,140.0
7,sorted_items_s00,139.0
8,sorted_items_s00,157.0
9,sorted_items_s00,153.0
10,sorted_items_s00,132.0
11,sorted_items_s00,136.0
12,sorted_items_s00,144.0
13,sorted_items_s00,134.0
14,sorted_items_s00,154.0
15,sorted_items_s00,152.0
16,sorted_items_s00,144.0
17,sorted_items_s00,153.0
18,sorted_items_s00,135.0
19,sorted_items_s00,129.0
20,sorted_items_s00,132.0
21,sorted_items_s00,136.0
22,sorted_items_s00,148.0
23,sorted_items_s00,148.0
24,sorted_items_s00,165.0
25,sorted_items_s00,145.0
26,sorted_items_s00,137.0
27,sorted_items_s00,149.0
28,sorted_items_s00,132.0
29,sorted_items_s00,146.0
30,sorted_items_s00,141.0
31,sorted_items_s00,155.0
32,sorted_items_s00,152.0
33,sorted_items_s00,131.0
34,sorted_items_s00,130.0
35,sorted_items_s00,136.0
36,sorted_items_s00,148.0
37,sorted_items_s00,140.0
38,sorted_items_s00,148.0
39,sorted_items_s00,142.0
40,sorted_items_s00,144.0
41,sorted_items_s00,143.0
42,sorted_items_s00,133.0
43,sorted_items_s00,155.0
44,sorted_items_s00,137.0
45,sorted_items_s00,137.0
46,sorted_items_s00,139.0
47,sorted_items_s00,170.0
48,sorted_items_s00,157.0
49,sorted_items_s00,137.0
50,sorted_items_s00,151.0
51,sorted_items_s00,128.0
52,sorted_items_s00,151.0
53,sorted_items_s00,145.0
54,sorted_items_s00,140.0
55,sorted_items_s00,137.0
56,sorted_items_s00,146.0
57,sorted_items_s00,127.0
58,sorted_items_s00,148.0
59,sorted_items_s00,161.0
60,sorted_items_s00,145.0
61,sorted_items_s00,128.0
62,sorted_items_s00,164.0
63,sorted_items_s00,156.0
64,sorted_items_s00,135.0
65,sorted_items_s00,141.0
66,sorted_items_s00,133.0
67,sorted_items_s00,124.0
68,sorted_items_s00,152.0
69,sorted_items_s00,148.0
70,sorted_items_s00,163.0
71,sorted_items_s00,148.0
72,sorted_items_s00,160.0
73,sorted_items_s00,147.0
74,sorted_items_s00,131.0
75,sorted_items_s00,153.0
76,sorted_items_s00,154.0
77,sorted_items_s00,155.0
78,sorted_items_s00,136.0
79,sorted_items_s00,134.0
80,sorted_items_s00,132.0
81,sorted_items_s00,142.0
82,sorted_items_s00,144.0
83,sorted_items_s00,140.0
84,sorted_items_s00,154.0
85,sorted_items_s00,161.0
86,sorted_items_s00,130.0
87,sorted_items_s00,143.0
88,sorted_items_s00,141.0
89,sorted_items_s00,137.0
90,sorted_items_s00,162.0
91,sorted_items_s00,156.0
92,sorted_items_s00,165.0
93,sorted_items_s00,146.0
94,sorted_items_s00,132.0
95,sorted_items_s00,148.0
96,sorted_items_s00,148.0
97,sorted_items_s00,137.0
98,sorted_items_s00,147.0
99,sorted_items_s00,116.0
100,sorted_items_s00,125.0
101,sorted_items_s00,141.0
102,sorted_items_s00,141.0
103,sorted_items_s00,134.0
104,sorted_items_s00,152.0
105,sorted_items_s00,146.0
106,sorted_items_s00,145.0
107,sorted_items_s00,123.0
108,sorted_items_s00,141.0
109,sorted_items_s00,150.0
110,sorted_items_s00,131.0
111,sorted_items_s00,134.0
112,sorted_items_s00,142.0
113,sorted_items_s00,130.0
114,sorted_items_s00,141.0
115,sorted_items_s00,128.0
116,sorted_items_s00,127.0
117,sorted_items_s00,148.0
118,sorted_items_s00,139.0
119,sorted_items_s00,135.0
4,sorted_items_s01,113.0
5,sorted_items_s01,161.0
6,sorted_items_s01,165.0
7,sorted_items_s01,160.0
8,sorted_items_s01,137.0
9,sorted_items_s01,152.0
10,sorted_items_s01,140.0
11,sorted_items_s01,148.0
12,sorted_items_s01,148.0
13,sorted_items_s01,133.0
14,sorted_items_s01,131.0
15,sorted_items_s01,150.0
16,sorted_items_s01,141.0
17,sorted_items_s01,128.0
18,sorted_items_s01,135.0
19,sorted_items_s01,142.0
20,sorted_items_s01,147.0
21,sorted_items_s01,137.0
22,sorted_items_s01,138.0
23,sorted_items_s01,152.0
24,sorted_items_s01,133.0
25,sorted_items_s01,156.0
26,sorted_items_s01,144.0
27,sorted_items_s01,151.0
28,sorted_items_s01,153.0
29,sorted_items_s01,118.0
30,sorted_items_s01,142.0
31,sorted_items_s01,154.0
32,sorted_items_s01,162.0
33,sorted_items_s01,150.0
34,sorted_items_s01,156.0
35,sorted_items_s01,149.0
36,sorted_items_s01,136.0
37,sorted_items_s01,147.0
38,sorted_items_s01,135.0
39,sorted_items_s01,122.0
40,sorted_items_s01,150.0
41,sorted_items_s01,144.0
42,sorted_items_s01,139.0
43,sorted_items_s01,148.0
44,sorted_items_s01,143.0
45,sorted_items_s01,139.0
46,sorted_items_s01,136.0
47,sorted_items_s01,147.0
48,sorted_items_s01,159.0
49,sorted_items_s01,150.0
50,sorted_items_s01,138.0
51,sorted_items_s01,159.0
52,sorted_items_s01,129.0
53,sorted_items_s01,142.0
54,sorted_items_s01,133.0
55,sorted_items_s01,140.0
56,sorted_items_s01,128.0
57,sorted_items_s01,140.0
58,sorted_items_s01,153.0
59,sorted_items_s01,155.0
60,sorted_items_s01,144.0
61,sorted_items_s01,164.0
62,sorted_items_s01,139.0
63,sorted_items_s01,124.0
64,sorted_items_s01,139.0
65,sorted_items_s01,142.0
66,sorted_items_s01,143.0
67,sorted_items_s01,132.0
68,sorted_items_s01,155.0
69,sorted_items_s01,156.0
70,sorted_items_s01,164.0
71,sorted_items_s01,124.0
72,sorted_items_s01,155.0
73,sorted_items_s01,140.0
74,sorted_items_s01,156.0
75,sorted_items_s01,136.0
76,sorted_items_s01,162.0
77,sorted_items_s01,137.0
78,sorted_items_s01,143.0
79,sorted_items_s01,154.0
80,sorted_items_s01,142.0
81,sorted_items_s01,150.0
82,sorted_items_s01,129.0
83,sorted_items_s01,135.0
84,sorted_items_s01,146.0
85,sorted_items_s01,144.0
86,sorted_items_s01,132.0
87,sorted_items_s01,116.0
88,sorted_items_s01,157.0
89,sorted_items_s01,160.0
90,sorted_items_s01,139.0
91,sorted_items_s01,136.0
92,sorted_items_s01,147.0
93,sorted_items_s01,136.0
94,sorted_items_s01,157.0
95,sorted_items_s01,146.0
96,sorted_items_s01,144.0
97,sorted_items_s01,138.0
98,sorted_items_s01,139.0
99,sorted_items_s01,140.0
100,sorted_items_s01,158.0
101,sorted_items_s01,140.0
102,sorted_items_s01,151.0
103,sorted_items_s01,147.0
104,sorted_items_s01,127.0
105,sorted_items_s01,122.0
106,sorted_items_s01,161.0
107,sorted_items_s01,142.0
108,sorted_items_s01,155.0
109,sorted_items_s01,158.0
110,sorted_items_s01,131.0
111,sorted_items_s01,140.0
112,sorted_items_s01,148.0
113,sorted_items_s01,139.0
114,sorted_items_s01,148.0
115,sorted_items_s01,160.0
116,sorted_items_s01,126.0
117,sorted_items_s01,152.0
118,sorted_items_s01,152.0
119,sorted_items_s01,158.0
4,sorted_items_s02,104.0
5,sorted_items_s02,144.0
6,sorted_items_s02,145.0
7,sorted_items_s02,165.0
8,sorted_items_s02,151.0
9,sorted_items_s02,153.0
10,sorted_items_s02,135.0
11,sorted_items_s02,119.0
12,sorted_items_s02,142.0
13,sorted_items_s02,152.0
14,sorted_items_s02,154.0
15,sorted_items_s02,133.0
16,sorted_items_s02,139.0
17,sorted_items_s02,154.0
18,sorted_items_s02,164.0
19,sorted_items_s02,149.0
20,sorted_items_s02,148.0
21,sorted_items_s02,139.0
22,sorted_items_s02,150.0
23,sorted_items_s02,141.0
24,sorted_items_s02,155.0
25,sorted_items_s02,150.0
26,sorted_items_s02,124.0
27,sorted_items_s02,156.0
28,sorted_items_s02,148.0
29,sorted_items_s02,130.0
30,sorted_items_s02,140.0
31,sorted_items_s02,137.0
32,sorted_items_s02,155.0
33,sorted_items_s02,162.0
34,sorted_items_s02,126.0
35,sorted_items_s02,152.0
36,sorted_items_s02,133.0
37,sorted_items_s02,142.0
38,sorted_items_s02,145.0
39,sorted_items_s02,151.0
40,sorted_items_s02,158.0
41,sorted_items_s02,143.0
42,sorted_items_s02,145.0
43,sorted_items_s02,143.0
44,sorted_items_s02,147.0
45,sorted_items_s02,127.0
46,sorted_items_s02,130.0
47,sorted_items_s02,142.0
48,sorted_items_s02,140.0
49,sorted_items_s02,167.0
50,sorted_items_s02,167.0
51,sorted_items_s02,160.0
52,sorted_items_s02,154.0
53,sorted_items_s02,154.0
54,sorted_items_s02,137.0
55,sorted_items_s02,139.0
56,sorted_items_s02,144.0
57,sorted_items_s02,143.0
58,sorted_items_s02,139.0
59,sorted_items_s02,127.0
60,sorted_items_s02,137.0
61,sorted_items_s02,121.0
62,sorted_items_s02,139.0
63,sorted_items_s02,162.0
64,sorted_items_s02,151.0
65,sorted_items_s02,160.0
66,sorted_items_s02,154.0
67,sorted_items_s02,147.0
68,sorted_items_s02,142.0
69,sorted_items_s02,149.0
70,sorted_items_s02,160.0
71,sorted_items_s02,155.0
72,sorted_items_s02,152.0
73,sorted_items_s02,157.0
74,sorted_items_s02,142.0
75,sorted_items_s02,144.0
76,sorted_items_s02,158.0
77,sorted_items_s02,122.0
78,sorted_items_s02,131.0
79,sorted_items_s02,133.0
80,sorted_items_s02,140.0
81,sorted_items_s02,141.0
82,sorted_items_s02,134.0
83,sorted_items_s02,126.0
84,sorted_items_s02,156.0
85,sorted_items_s02,132.0
86,sorted_items_s02,145.0
87,sorted_items_s02,137.0
88,sorted_items_s02,152.0
89,sorted_items_s02,149.0
90,sorted_items_s02,153.0
91,sorted_items_s02,148.0
92,sorted_items_s02,161.0
93,sorted_items_s02,135.0
94,sorted_items_s02,111.0
95,sorted_items_s02,136.0
96,sorted_items_s02,147.0
97,sorted_items_s02,161.0
98,sorted_items_s02,147.0
99,sorted_items_s02,141.0
100,sorted_items_s02,143.0
101,sorted_items_s02,160.0
102,sorted_items_s02,146.0
103,sorted_items_s02,150.0
104,sorted_items_s02,120.0
105,sorted_items_s02,153.0
106,sorted_items_s02,129.0
107,sorted_items_s02,141.0
108,sorted_items_s02,127.0
109,sorted_items_s02,124.0
110,sorted_items_s02,143.0
111,sorted_items_s02,155.0
112,sorted_items_s02,154.0
113,sorted_items_s02,133.0
114,sorted_items_s02,152.0
115,sorted_items_s02,159.0
116,sorted_items_s02,153.0
117,sorted_items_s02,136.0
118,sorted_items_s02,125.0
119,sorted_items_s02,151.0
4,sorted_items_s03,111.0
5,sorted_items_s03,154.0
6,sorted_items_s03,131.0
7,sorted_items_s03,147.0
8,sorted_items_s03,145.0
9,sorted_items_s03,141.0
10,sorted_items_s03,152.0
11,sorted_items_s03,148.0
12,sorted_items_s03,152.0
13,sorted_items_s03,125.0
14,sorted_items_s03,139.0
15,sorted_items_s03,146.0
16,sorted_items_s03,151.0
17,sorted_items_s03,144.0
18,sorted_items_s03,142.0
19,sorted_items_s03,142.0
20,sorted_items_s03,140.0
21,sorted_items_s03,138.0
22,sorted_items_s03,142.0
23,sorted_items_s03,145.0
24,sorted_items_s03,134.0
25,sorted_items_s03,150.0
26,sorted_items_s03,125.0
27,sorted_items_s03,144.0
28,sorted_items_s03,123.0
29,sorted_items_s03,145.0
30,sorted_items_s03,146.0
31,sorted_items_s03,147.0
32,sorted_items_s03,117.0
33,sorted_items_s03,137.0
34,sorted_items_s03,152.0
35,sorted_items_s03,152.0
36,sorted_items_s03,169.0
37,sorted_items_s03,140.0
38,sorted_items_s03,140.0
39,sorted_items_s03,154.0
40,sorted_items_s03,154.0
41,sorted_items_s03,126.0
42,sorted_items_s03,148.0
43,sorted_items_s03,150.0
44,sorted_items_s03,143.0
45,sorted_items_s03,129.0
46,sorted_items_s03,142.0
47,sorted_items_s03,136.0
48,sorted_items_s03,140.0
49,sorted_items_s03,152.0
50,sorted_items_s03,127.0
51,sorted_items_s03,159.0
52,sorted_items_s03,156.0
53,sorted_items_s03,124.0
54,sorted_items_s03,162.0
55,sorted_items_s03,143.0
56,sorted_items_s03,148.0
57,sorted_items_s03,152.0
58,sorted_items_s03,167.0
59,sorted_items_s03,158.0
60,sorted_items_s03,133.0
61,sorted_items_s03,138.0
62,sorted_items_s03,128.0
63,sorted_items_s03,136.0
64,sorted_items_s03,145.0
65,sorted_items_s03,141.0
66,sorted_items_s03,140.0
67,sorted_items_s03,161.0
68,sorted_items_s03,146.0
69,sorted_items_s03,157.0
70,sorted_items_s03,157.0
71,sorted_items_s03,150.0
72,sorted_items_s03,120.0
73,sorted_items_s03,145.0
74,sorted_items_s03,143.0
75,sorted_items_s03,141.0
76,sorted_items_s03,138.0
77,sorted_items_s03,158.0
78,sorted_items_s03,141.0
79,sorted_items_s03,133.0
80,sorted_items_s03,125.0
81,sorted_items_s03,135.0
82,sorted_items_s03,163.0
83,sorted_items_s03,146.0
84,sorted_items_s03,134.0
85,sorted_items_s03,141.0
86,sorted_items_s03,146.0
87,sorted_items_s03,137.0
88,sorted_items_s03,135.0
89,sorted_items_s03,148.0
90,sorted_items_s03,151.0
91,sorted_items_s03,136.0
92,sorted_items_s03,141.0
93,sorted_items_s03,138.0
94,sorted_items_s03,148.0
95,sorted_items_s03,129.0
96,sorted_items_s03,141.0
97,sorted_items_s03,138.0
98,sorted_items_s03,141.0
99,sorted_items_s03,146.0
100,sorted_items_s03,134.0
101,sorted_items_s03,122.0
102,sorted_items_s03,159.0
103,sorted_items_s03,152.0
104,sorted_items_s03,149.0
105,sorted_items_s03,132.0
106,sorted_items_s03,139.0
107,sorted_items_s03,143.0
108,sorted_items_s03,146.0
109,sorted_items_s03,136.0
110,sorted_items_s03,144.0
111,sorted_items_s03,149.0
112,sorted_items_s03,153.0
113,sorted_items_s03,152.0
114,sorted_items_s03,126.0
115,sorted_items_s03,139.0
116,sorted_items_s03,145.0
117,sorted_items_s03,154.0
118,sorted_items_s03,152.0
119,sorted_items_s03,154.0
4,sorted_items_s04,91.0
5,sorted_items_s04,134.0
6,sorted_items_s04,149.0
7,sorted_items_s04,133.0
8,sorted_items_s04,133.0
9,sorted_items_s04,136.0
10,sorted_items_s04,145.0
11,sorted_items_s04,141.0
12,sorted_items_s04,123.0
13,sorted_items_s04,135.0
14,sorted_items_s04,156.0
15,sorted_items_s04,132.0
16,sorted_items_s04,145.0
17,sorted_items_s04,168.0
18,sorted_items_s04,141.0
19,sorted_items_s04,157.0
20,sorted_items_s04,158.0
21,sorted_items_s04,143.0
22,sorted_items_s04,138.0
23,sorted_items_s04,132.0
24,sorted_items_s04,143.0
25,sorted_items_s04,142.0
26,sorted_items_s04,149.0
27,sorted_items_s04,145.0
28,sorted_items_s04,147.0
29,sorted_items_s04,156.0
30,sorted_items_s04,146.0
31,sorted_items_s04,148.0
32,sorted_items_s04,137.0
33,sorted_items_s04,134.0
34,sorted_items_s04,139.0
35,sorted_items_s04,163.0
36,sorted_items_s04,162.0
37,sorted_items_s04,140.0
38,sorted_items_s04,140.0
39,sorted_items_s04,145.0
40,sorted_items_s04,142.0
41,sorted_items_s04,154.0
42,sorted_items_s04,148.0
43,sorted_items_s04,142.0
44,sorted_items_s04,155.0
45,sorted_items_s04,154.0
46,sorted_items_s04,148.0
47,sorted_items_s04,145.0
48,sorted_items_s04,129.0
49,sorted_items_s04,129.0
50,sorted_items_s04,165.0
51,sorted_items_s04,143.0
52,sorted_items_s04,153.0
53,sorted_items_s04,162.0
54,sorted_items_s04,143.0
55,sorted_items_s04,168.0
56,sorted_items_s04,143.0
57,sorted_items_s04,154.0
58,sorted_items_s04,137.0
59,sorted_items_s04,131.0
60,sorted_items_s04,152.0
61,sorted_items_s04,109.0
62,sorted_items_s04,141.0
63,sorted_items_s04,128.0
64,sorted_items_s04,140.0
65,sorted_items_s04,140.0
66,sorted_items_s04,153.0
67,sorted_items_s04,144.0
68,sorted_items_s04,131.0
69,sorted_items_s04,132.0
70,sorted_items_s04,134.0
71,sorted_items_s04,146.0
72,sorted_items_s04,168.0
73,sorted_items_s04,155.0
74,sorted_items_s04,130.0
75,sorted_items_s04,154.0
76,sorted_items_s04,142.0
77,sorted_items_s04,125.0
78,sorted_items_s04,161.0
79,sorted_items_s04,148.0
80,sorted_items_s04,141.0
81,sorted_items_s04,159.0
82,sorted_items_s04,137.0
83,sorted_items_s04,138.0
84,sorted_items_s04,131.0
85,sorted_items_s04,148.0
86,sorted_items_s04,156.0
87,sorted_items_s04,132.0
88,sorted_items_s04,141.0
89,sorted_items_s04,144.0
90,sorted_items_s04,136.0
91,sorted_items_s04,141.0
92,sorted_items_s04,152.0
93,sorted_items_s04,157.0
94,sorted_items_s04,141.0
95,sorted_items_s04,145.0
96,sorted_items_s04,153.0
97,sorted_items_s04,131.0
98,sorted_items_s04,146.0
99,sorted_items_s04,148.0
100,sorted_items_s04,147.0
101,sorted_items_s04,152.0
102,sorted_items_s04,167.0
103,sorted_items_s04,153.0
104,sorted_items_s04,168.0
105,sorted_items_s04,141.0
106,sorted_items_s04,140.0
107,sorted_items_s04,140.0
108,sorted_items_s04,146.0
109,sorted_items_s04,148.0
110,sorted_items_s04,156.0
111,sorted_items_s04,149.0
112,sorted_items_s04,131.0
113,sorted_items_s04,134.0
114,sorted_items_s04,134.0
115,sorted_items_s04,132.0
116,sorted_items_s04,148.0
117,sorted_items_s04,132.0
118,sorted_items_s04,162.0
119,sorted_items_s04,146.0
4,sorted_items_s05,101.0
5,sorted_items_s05,151.0
6,sorted_items_s05,156.0
7,sorted_items_s05,133.0
8,sorted_items_s05,153.0
9,sorted_items_s05,158.0
10,sorted_items_s05,148.0
11,sorted_items_s05,154.0
12,sorted_items_s05,147.0
13,sorted_items_s05,155.0
14,sorted_items_s05,132.0
15,sorted_items_s05,142.0
16,sorted_items_s05,133.0
17,sorted_items_s05,120.0
18,sorted_items_s05,138.0
19,sorted_items_s05,139.0
20,sorted_items_s05,133.0
21,sorted_items_s05,162.0
22,sorted_items_s05,142.0
23,sorted_items_s05,148.0
24,sorted_items_s05,129.0
25,sorted_items_s05,144.0
26,sorted_items_s05,143.0
27,sorted_items_s05,142.0
28,sorted_items_s05,139.0
29,sorted_items_s05,153.0
30,sorted_items_s05,144.0
31,sorted_items_s05,139.0
32,sorted_items_s05,149.0
33,sorted_items_s05,157.0
34,sorted_items_s05,145.0
35,sorted_items_s05,134.0
36,sorted_items_s05,157.0
37,sorted_items_s05,152.0
38,sorted_items_s05,140.0
39,sorted_items_s05,148.0
40,sorted_items_s05,136.0
41,sorted_items_s05,125.0
42,sorted_items_s05,136.0
43,sorted_items_s05,149.0
44,sorted_items_s05,166.0
45,sorted_items_s05,160.0
46,sorted_items_s05,168.0
47,sorted_items_s05,167.0
48,sorted_items_s05,140.0
49,sorted_items_s05,119.0
50,sorted_items_s05,129.0
51,sorted_items_s05,166.0
52,sorted_items_s05,143.0
53,sorted_items_s05,138.0
54,sorted_items_s05,134.0
55,sorted_items_s05,148.0
56,sorted_items_s05,145.0
57,sorted_items_s05,142.0
58,sorted_items_s05,150.0
59,sorted_items_s05,139.0
60,sorted_items_s05,163.0
61,sorted_items_s05,140.0
62,sorted_items_s05,155.0
63,sorted_items_s05,149.0
64,sorted_items_s05,134.0
65,sorted_items_s05,145.0
66,sorted_items_s05,148.0
67,sorted_items_s05,136.0
68,sorted_items_s05,149.0
69,sorted_items_s05,144.0
70,sorted_items_s05,129.0
71,sorted_items_s05,138.0
72,sorted_items_s05,141.0
73,sorted_items_s05,130.0
74,sorted_items_s05,154.0
75,sorted_items_s05,139.0
76,sorted_items_s05,129.0
77,sorted_items_s05,141.0
78,sorted_items_s05,149.0
79,sorted_items_s05,151.0
80,sorted_items_s05,135.0
81,sorted_items_s05,123.0
82,sorted_items_s05,144.0
83,sorted_items_s05,154.0
84,sorted_items_s05,147.0
85,sorted_items_s05,164.0
86,sorted_items_s05,144.0
87,sorted_items_s05,142.0
88,sorted_items_s05,143.0
89,sorted_items_s05,161.0
90,sorted_items_s05,157.0
91,sorted_items_s05,155.0
92,sorted_items_s05,162.0
93,sorted_items_s05,141.0
94,sorted_items_s05,134.0
95,sorted_items_s05,162.0
96,sorted_items_s05,153.0
97,sorted_items_s05,162.0
98,sorted_items_s05,142.0
99,sorted_items_s05,149.0
100,sorted_items_s05,153.0
101,sorted_items_s05,149.0
102,sorted_items_s05,135.0
103,sorted_items_s05,137.0
104,sorted_items_s05,135.0
105,sorted_items_s05,156.0
106,sorted_items_s05,156.0
107,sorted_items_s05,139.0
108,sorted_items_s05,152.0
109,sorted_items_s05,135.0
110,sorted_items_s05,157.0
111,sorted_items_s05,130.0
112,sorted_items_s05,132.0
113,sorted_items_s05,147.0
114,sorted_items_s05,141.0
115,sorted_items_s05,158.0
116,sorted_items_s05,147.0
117,sorted_items_s05,140.0
118,sorted_items_s05,137.0
119,sorted_items_s05,123.0
4,sorted_items_s06,104.0
5,sorted_items_s06,134.0
6,sorted_items_s06,146.0
7,sorted_items_s06,130.0
8,sorted_items_s06,129.0
9,sorted_items_s06,134.0
10,sorted_items_s06,151.0
11,sorted_items_s06,149.0
12,sorted_items_s06,147.0
13,sorted_items_s06,142.0
14,sorted_items_s06,142.0
15,sorted_items_s06,150.0
16,sorted_items_s06,129.0
17,sorted_items_s06,149.0
18,sorted_items_s06,146.0
19,sorted_items_s06,138.0
20,sorted_items_s06,158.0
21,sorted_items_s06,130.0
22,sorted_items_s06,140.0
23,sorted_items_s06,129.0
24,sorted_items_s06,157.0
25,sorted_items_s06,133.0
26,sorted_items_s06,144.0
27,sorted_items_s06,152.0
28,sorted_items_s06,148.0
29,sorted_items_s06,130.0
30,sorted_items_s06,129.0
31,sorted_items_s06,139.0
32,sorted_items_s06,155.0
33,sorted_items_s06,150.0
34,sorted_items_s06,141.0
35,sorted_items_s06,154.0
36,sorted_items_s06,147.0
37,sorted_items_s06,124.0
38,sorted_items_s06,157.0
39,sorted_items_s06,143.0
40,sorted_items_s06,161.0
41,sorted_items_s06,158.0
42,sorted_items_s06,146.0
43,sorted_items_s06,136.0
44,sorted_items_s06,140.0
45,sorted_items_s06,141.0
46,sorted_items_s06,151.0
47,sorted_items_s06,137.0
48,sorted_items_s06,136.0
49,sorted_items_s06,138.0
50,sorted_items_s06,132.0
51,sorted_items_s06,147.0
52,sorted_items_s06,140.0
53,sorted_items_s06,151.0
54,sorted_items_s06,140.0
55,sorted_items_s06,136.0
56,sorted_items_s06,148.0
57,sorted_items_s06,148.0
58,sorted_items_s06,135.0
59,sorted_items_s06,142.0
60,sorted_items_s06,147.0
61,sorted_items_s06,140.0
62,sorted_items_s06,142.0
63,sorted_items_s06,130.0
64,sorted_items_s06,127.0
65,sorted_items_s06,138.0
66,sorted_items_s06,148.0
67,sorted_items_s06,152.0
68,sorted_items_s06,147.0
69,sorted_items_s06,125.0
70,sorted_items_s06,131.0
71,sorted_items_s06,139.0
72,sorted_items_s06,131.0
73,sorted_items_s06,138.0
74,sorted_items_s06,134.0
75,sorted_items_s06,134.0
76,sorted_items_s06,139.0
77,sorted_items_s06,148.0
78,sorted_items_s06,130.0
79,sorted_items_s06,125.0
80,sorted_items_s06,163.0
81,sorted_items_s06,149.0
82,sorted_items_s06,148.0
83,sorted_items_s06,134.0
84,sorted_items_s06,126.0
85,sorted_items_s06,141.0
86,sorted_items_s06,136.0
87,sorted_items_s06,155.0
88,sorted_items_s06,151.0
89,sorted_items_s06,126.0
90,sorted_items_s06,150.0
91,sorted_items_s06,140.0
92,sorted_items_s06,127.0
93,sorted_items_s06,137.0
94,sorted_items_s06,151.0
95,sorted_items_s06,156.0
96,sorted_items_s06,136.0
97,sorted_items_s06,145.0
98,sorted_items_s06,119.0
99,sorted_items_s06,166.0
100,sorted_items_s06,155.0
101,sorted_items_s06,152.0
102,sorted_items_s06,117.0
103,sorted_items_s06,140.0
104,sorted_items_s06,150.0
105,sorted_items_s06,140.0
106,sorted_items_s06,154.0
107,sorted_items_s06,129.0
108,sorted_items_s06,134.0
109,sorted_items_s06,128.0
110,sorted_items_s06,133.0
111,sorted_items_s06,147.0
112,sorted_items_s06,153.0
113,sorted_items_s06,142.0
114,sorted_items_s06,160.0
115,sorted_items_s06,139.0
116,sorted_items_s06,145.0
117,sorted_items_s06,125.0
118,sorted_items_s06,128.0
119,sorted_items_s06,146.0
4,sorted_items_s07,99.0
5,sorted_items_s07,155.0
6,sorted_items_s07,140.0
7,sorted_items_s07,150.0
8,sorted_items_s07,165.0
9,sorted_items_s07,143.0
10,sorted_items_s07,131.0
11,sorted_items_s07,157.0
12,sorted_items_s07,158.0
13,sorted_items_s07,158.0
14,sorted_items_s07,143.0
15,sorted_items_s07,151.0
16,sorted_items_s07,147.0
17,sorted_items_s07,150.0
18,sorted_items_s07,163.0
19,sorted_items_s07,164.0
20,sorted_items_s07,139.0
21,sorted_items_s07,153.0
22,sorted_items_s07,145.0
23,sorted_items_s07,160.0
24,sorted_items_s07,126.0
25,sorted_items_s07,156.0
26,sorted_items_s07,135.0
27,sorted_items_s07,114.0
28,sorted_items_s07,137.0
29,sorted_items_s07,129.0
30,sorted_items_s07,133.0
31,sorted_items_s07,121.0
32,sorted_items_s07,130.0
33,sorted_items_s07,143.0
34,sorted_items_s07,151.0
35,sorted_items_s07,133.0
36,sorted_items_s07,156.0
37,sorted_items_s07,128.0
38,sorted_items_s07,142.0
39,sorted_items_s07,141.0
40,sorted_items_s07,148.0
41,sorted_items_s07,159.0
42,sorted_items_s07,135.0
43,sorted_items_s07,154.0
44,sorted_items_s07,121.0
45,sorted_items_s07,154.0
46,sorted_items_s07,148.0
47,sorted_items_s07,132.0
48,sorted_items_s07,153.0
49,sorted_items_s07,135.0
50,sorted_items_s07,140.0
51,sorted_items_s07,141.0
52,sorted_items_s07,137.0
53,sorted_items_s07,135.0
54,sorted_items_s07,149.0
55,sorted_items_s07,133.0
56,sorted_items_s07,141.0
57,sorted_items_s07,133.0
58,sorted_items_s07,131.0
59,sorted_items_s07,140.0
60,sorted_items_s07,150.0
61,sorted_items_s07,169.0
62,sorted_items_s07,146.0
63,sorted_items_s07,141.0
64,sorted_items_s07,163.0
65,sorted_items_s07,156.0
66,sorted_items_s07,144.0
67,sorted_items_s07,147.0
68,sorted_items_s07,137.0
69,sorted_items_s07,156.0
70,sorted_items_s07,137.0
71,sorted_items_s07,136.0
72,sorted_items_s07,155.0
73,sorted_items_s07,150.0
74,sorted_items_s07,143.0
75,sorted_items_s07,153.0
76,sorted_items_s07,134.0
77,sorted_items_s07,149.0
78,sorted_items_s07,160.0
79,sorted_items_s07,160.0
80,sorted_items_s07,153.0
81,sorted_items_s07,145.0
82,sorted_items_s07,165.0
83,sorted_items_s07,153.0
84,sorted_items_s07,158.0
85,sorted_items_s07,157.0
86,sorted_items_s07,159.0
87,sorted_items_s07,140.0
88,sorted_items_s07,162.0
89,sorted_items_s07,139.0
90,sorted_items_s07,131.0
91,sorted_items_s07,131.0
92,sorted_items_s07,140.0
93,sorted_items_s07,145.0
94,sorted_items_s07,158.0
95,sorted_items_s07,133.0
96,sorted_items_s07,132.0
97,sorted_items_s07,136.0
98,sorted_items_s07,143.0
99,sorted_items_s07,148.0
100,sorted_items_s07,144.0
101,sorted_items_s07,116.0
102,sorted_items_s07,142.0
103,sorted_items_s07,149.0
104,sorted_items_s07,141.0
105,sorted_items_s07,140.0
106,sorted_items_s07,147.0
107,sorted_items_s07,138.0
108,sorted_items_s07,123.0
109,sorted_items_s07,148.0
110,sorted_items_s07,128.0
111,sorted_items_s07,149.0
112,sorted_items_s07,157.0
113,sorted_items_s07,135.0
114,sorted_items_s07,153.0
115,sorted_items_s07,141.0
116,sorted_items_s07,151.0
117,sorted_items_s07,147.0
118,sorted_items_s07,151.0
119,sorted_items_s07,146.0
4,sorted_items_s08,100.0
5,sorted_items_s08,150.0
6,sorted_items_s08,137.0
7,sorted_items_s08,138.0
8,sorted_items_s08,144.0
9,sorted_items_s08,125.0
10,sorted_items_s08,144.0
11,sorted_items_s08,155.0
12,sorted_items_s08,157.0
13,sorted_items_s08,134.0
14,sorted_items_s08,117.0
15,sorted_items_s08,165.0
16,sorted_items_s08,159.0
17,sorted_items_s08,149.0
18,sorted_items_s08,146.0
19,sorted_items_s08,142.0
20,sorted_items_s08,136.0
21,sorted_items_s08,145.0
22,sorted_items_s08,152.0
23,sorted_items_s08,149.0
24,sorted_items_s08,137.0
25,sorted_items_s08,142.0
26,sorted_items_s08,154.0
27,sorted_items_s08,153.0
28,sorted_items_s08,155.0
29,sorted_items_s08,134.0
30,sorted_items_s08,137.0
31,sorted_items_s08,150.0
32,sorted_items_s08,142.0
33,sorted_items_s08,124.0
34,sorted_items_s08,130.0
35,sorted_items_s08,120.0
36,sorted_items_s08,145.0
37,sorted_items_s08,141.0
38,sorted_items_s08,152.0
39,sorted_items_s08,138.0
40,sorted_items_s08,123.0
41,sorted_items_s08,135.0
42,sorted_items_s08,150.0
43,sorted_items_s08,126.0
44,sorted_items_s08,145.0
45,sorted_items_s08,138.0
46,sorted_items_s08,145.0
47,sorted_items_s08,146.0
48,sorted_items_s08,125.0
49,sorted_items_s08,139.0
50,sorted_items_s08,146.0
51,sorted_items_s08,150.0
52,sorted_items_s08,154.0
53,sorted_items_s08,156.0
54,sorted_items_s08,162.0
55,sorted_items_s08,140.0
56,sorted_items_s08,152.0
57,sorted_items_s08,138.0
58,sorted_items_s08,158.0
59,sorted_items_s08,149.0
60,sorted_items_s08,132.0
61,sorted_items_s08,147.0
62,sorted_items_s08,128.0
63,sorted_items_s08,145.0
64,sorted_items_s08,145.0
65,sorted_items_s08,139.0
66,sorted_items_s08,137.0
67,sorted_items_s08,148.0
68,sorted_items_s08,144.0
69,sorted_items_s08,129.0
70,sorted_items_s08,150.0
71,sorted_items_s08,144.0
72,sorted_items_s08,115.0
73,sorted_items_s08,141.0
74,sorted_items_s08,158.0
75,sorted_items_s08,135.0
76,sorted_items_s08,127.0
77,sorted_items_s08,166.0
78,sorted_items_s08,146.0
79,sorted_items_s08,154.0
80,sorted_items_s08,162.0
81,sorted_items_s08,142.0
82,sorted_items_s08,137.0
83,sorted_items_s08,140.0
84,sorted_items_s08,143.0
85,sorted_items_s08,141.0
86,sorted_items_s08,128.0
87,sorted_items_s08,161.0
88,sorted_items_s08,135.0
89,sorted_items_s08,139.0
90,sorted_items_s08,144.0
91,sorted_items_s08,135.0
92,sorted_items_s08,146.0
93,sorted_items_s08,148.0
94,sorted_items_s08,160.0
95,sorted_items_s08,160.0
96,sorted_items_s08,155.0
97,sorted_items_s08,148.0
98,sorted_items_s08,141.0
99,sorted_items_s08,142.0
100,sorted_items_s08,122.0
101,sorted_items_s08,146.0
102,sorted_items_s08,145.0
103,sorted_items_s08,137.0
104,sorted_items_s08,139.0
105,sorted_items_s08,151.0
106,sorted_items_s08,128.0
107,sorted_items_s08,152.0
108,sorted_items_s08,158.0
109,sorted_items_s08,140.0
110,sorted_items_s08,143.0
111,sorted_items_s08,143.0
112,sorted_items_s08,155.0
113,sorted_items_s08,156.0
114,sorted_items_s08,164.0
115,sorted_items_s08,153.0
116,sorted_items_s08,154.0
117,sorted_items_s08,144.0
118,sorted_items_s08,146.0
119,sorted_items_s08,137.0
4,sorted_items_s09,91.0
5,sorted_items_s09,142.0
6,sorted_items_s09,136.0
7,sorted_items_s09,155.0
8,sorted_items_s09,122.0
9,sorted_items_s09,136.0
10,sorted_items_s09,159.0
11,sorted_items_s09,131.0
12,sorted_items_s09,139.0
13,sorted_items_s09,154.0
14,sorted_items_s09,135.0
15,sorted_items_s09,139.0
16,sorted_items_s09,152.0
17,sorted_items_s09,144.0
18,sorted_items_s09,138.0
19,sorted_items_s09,129.0
20,sorted_items_s09,146.0
21,sorted_items_s09,155.0
22,sorted_items_s09,155.0
23,sorted_items_s09,132.0
24,sorted_items_s09,137.0
25,sorted_items_s09,137.0
26,sorted_items_s09,137.0
27,sorted_items_s09,141.0
28,sorted_items_s09,144.0
29,sorted_items_s09,150.0
30,sorted_items_s09,150.0
31,sorted_items_s09,161.0
32,sorted_items_s09,135.0
33,sorted_items_s09,130.0
34,sorted_items_s09,154.0
35,sorted_items_s09,145.0
36,sorted_items_s09,136.0
37,sorted_items_s09,154.0
38,sorted_items_s09,140.0
39,sorted_items_s09,159.0
40,sorted_items_s09,149.0
41,sorted_items_s09,125.0
42,sorted_items_s09,138.0
43,sorted_items_s09,134.0
44,sorted_items_s09,140.0
45,sorted_items_s09,150.0
46,sorted_items_s09,118.0
47,sorted_items_s09,140.0
48,sorted_items_s09,141.0
49,sorted_items_s09,153.0
50,sorted_items_s09,148.0
51,sorted_items_s09,125.0
52,sorted_items_s09,129.0
53,sorted_items_s09,141.0
54,sorted_items_s09,133.0
55,sorted_items_s09,152.0
56,sorted_items_s09,136.0
57,sorted_items_s09,144.0
58,sorted_items_s09,136.0
59,sorted_items_s09,146.0
60,sorted_items_s09,138.0
61,sorted_items_s09,159.0
62,sorted_items_s09,148.0
63,sorted_items_s09,150.0
64,sorted_items_s09,154.0
65,sorted_items_s09,153.0
66,sorted_items_s09,134.0
67,sorted_items_s09,152.0
68,sorted_items_s09,142.0
69,sorted_items_s09,131.0
70,sorted_items_s09,129.0
71,sorted_items_s09,138.0
72,sorted_items_s09,153.0
73,sorted_items_s09,147.0
74,sorted_items_s09,137.0
75,sorted_items_s09,150.0
76,sorted_items_s09,155.0
77,sorted_items_s09,160.0
78,sorted_items_s09,130.0
79,sorted_items_s09,125.0
80,sorted_items_s09,150.0
81,sorted_items_s09,155.0
82,sorted_items_s09,140.0
83,sorted_items_s09,160.0
84,sorted_items_s09,136.0
85,sorted_items_s09,140.0
86,sorted_items_s09,148.0
87,sorted_items_s09,167.0
88,sorted_items_s09,162.0
89,sorted_items_s09,137.0
90,sorted_items_s09,132.0
91,sorted_items_s09,145.0
92,sorted_items_s09,126.0
93,sorted_items_s09,128.0
94,sorted_items_s09,150.0
95,sorted_items_s09,127.0
96,sorted_items_s09,133.0
97,sorted_items_s09,136.0
98,sorted_items_s09,154.0
99,sorted_items_s09,141.0
100,sorted_items_s09,147.0
101,sorted_items_s09,149.0
102,sorted_items_s09,129.0
103,sorted_items_s09,156.0
104,sorted_items_s09,148.0
105,sorted_items_s09,160.0
106,sorted_items_s09,148.0
107,sorted_items_s09,160.0
108,sorted_items_s09,141.0
109,sorted_items_s09,170.0
110,sorted_items_s09,140.0
111,sorted_items_s09,141.0
112,sorted_items_s09,147.0
113,sorted_items_s09,131.0
114,sorted_items_s09,129.0
115,sorted_items_s09,149.0
116,sorted_items_s09,132.0
117,sorted_items_s09,167.0
118,sorted_items_s09,150.0
119,sorted_items_s09,120.0
4,sorted_items_s10,110.0
5,sorted_items_s10,115.0
6,sorted_items_s10,135.0
7,sorted_items_s10,136.0
8,sorted_items_s10,139.0
9,sorted_items_s10,150.0
10,sorted_items_s10,142.0
11,sorted_items_s10,132.0
12,sorted_items_s10,140.0
13,sorted_items_s10,147.0
14,sorted_items_s10,162.0
15,sorted_items_s10,139.0
16,sorted_items_s10,168.0
17,sorted_items_s10,146.0
18,sorted_items_s10,144.0
19,sorted_items_s10,152.0
20,sorted_items_s10,148.0
21,sorted_items_s10,158.0
22,sorted_items_s10,135.0
23,sorted_items_s10,142.0
24,sorted_items_s10,146.0
25,sorted_items_s10,134.0
26,sorted_items_s10,162.0
27,sorted_items_s10,161.0
28,sorted_items_s10,154.0
29,sorted_items_s10,166.0
30,sorted_items_s10,164.0
31,sorted_items_s10,170.0
32,sorted_items_s10,147.0
33,sorted_items_s10,140.0
34,sorted_items_s10,143.0
35,sorted_items_s10,118.0
36,sorted_items_s10,132.0
37,sorted_items_s10,167.0
38,sorted_items_s10,140.0
39,sorted_items_s10,132.0
40,sorted_items_s10,157.0
41,sorted_items_s10,158.0
42,sorted_items_s10,155.0
43,sorted_items_s10,136.0
44,sorted_items_s10,148.0
45,sorted_items_s10,153.0
46,sorted_items_s10,157.0
47,sorted_items_s10,121.0
48,sorted_items_s10,147.0
49,sorted_items_s10,141.0
50,sorted_items_s10,119.0
51,sorted_items_s10,131.0
52,sorted_items_s10,145.0
53,sorted_items_s10,136.0
54,sorted_items_s10,145.0
55,sorted_items_s10,149.0
56,sorted_items_s10,145.0
57,sorted_items_s10,164.0
58,sorted_items_s10,139.0
59,sorted_items_s10,131.0
60,sorted_items_s10,138.0
61,sorted_items_s10,139.0
62,sorted_items_s10,144.0
63,sorted_items_s10,147.0
64,sorted_items_s10,152.0
65,sorted_items_s10,131.0
66,sorted_items_s10,144.0
67,sorted_items_s10,142.0
68,sorted_items_s10,139.0
69,sorted_items_s10,142.0
70,sorted_items_s10,144.0
71,sorted_items_s10,154.0
72,sorted_items_s10,148.0
73,sorted_items_s10,130.0
74,sorted_items_s10,147.0
75,sorted_items_s10,131.0
76,sorted_items_s10,148.0
77,sorted_items_s10,159.0
78,sorted_items_s10,148.0
79,sorted_items_s10,148.0
80,sorted_items_s10,148.0
81,sorted_items_s10,150.0
82,sorted_items_s10,138.0
83,sorted_items_s10,149.0
84,sorted_items_s10,143.0
85,sorted_items_s10,137.0
86,sorted_items_s10,147.0
87,sorted_items_s10,136.0
88,sorted_items_s10,156.0
89,sorted_items_s10,148.0
90,sorted_items_s10,145.0
91,sorted_items_s10,145.0
92,sorted_items_s10,126.0
93,sorted_items_s10,153.0
94,sorted_items_s10,149.0
95,sorted_items_s10,123.0
96,sorted_items_s10,142.0
97,sorted_items_s10,152.0
98,sorted_items_s10,134.0
99,sorted_items_s10,149.0
100,sorted_items_s10,160.0
101,sorted_items_s10,144.0
102,sorted_items_s10,142.0
103,sorted_items_s10,134.0
104,sorted_items_s10,151.0
105,sorted_items_s10,124.0
106,sorted_items_s10,156.0
107,sorted_items_s10,149.0
108,sorted_items_s10,158.0
109,sorted_items_s10,151.0
110,sorted_items_s10,148.0
111,sorted_items_s10,152.0
112,sorted_items_s10,143.0
113,sorted_items_s10,137.0
114,sorted_items_s10,143.0
115,sorted_items_s10,133.0
116,sorted_items_s10,157.0
117,sorted_items_s10,144.0
118,sorted_items_s10,140.0
119,sorted_items_s10,167.0
29,tare_new,3.0
30,tare_new,11.0
31,tare_new,11.0
32,tare_new,27.0
33,tare_new,9.0
34,tare_new,5.0
35,tare_new,3.0
36,tare_new,16.0
38,tare_new,14.0
39,tare_new,8.0
40,tare_new,10.0
41,tare_new,6.0
42,tare_new,15.0
43,tare_new,7.0
44,tare_new,7.0
45,tare_new,13.0
46,tare_new,18.0
47,tare_new,9.0
48,tare_new,12.0
49,tare_new,10.0
50,tare_new,26.0
51,tare_new,28.0
52,tare_new,11.0
53,tare_new,9.0
54,tare_new,8.0
55,tare_new,5.0
56,tare_new,1.0
57,tare_new,8.0
58,tare_new,3.0
59,tare_new,21.0
60,tare_new,1.0
61,tare_new,10.0
62,tare_new,9.0
63,tare_new,6.0
64,tare_new,7.0
65,tare_new,8.0
66,tare_new,4.0
67,tare_new,6.0
68,tare_new,18.0
69,tare_new,9.0
71,tare_new,3.0
72,tare_new,10.0
73,tare_new,6.0
74,tare_new,8.0
75,tare_new,11.0
76,tare_new,17.0
77,tare_new,16.0
78,tare_new,6.0
79,tare_new,4.0
80,tare_new,13.0
82,tare_new,1.0
83,tare_new,16.0
84,tare_new,4.0
85,tare_new,26.0
86,tare_new,5.0
87,tare_new,12.0
88,tare_new,11.0
89,tare_new,10.0
90,tare_new,11.0
91,tare_new,15.0
92,tare_new,9.0
93,tare_new,10.0
94,tare_new,19.0
95,tare_new,9.0
96,tare_new,11.0
97,tare_new,20.0
98,tare_new,12.0
99,tare_new,15.0
100,tare_new,14.0
101,tare_new,14.0
102,tare_new,13.0
103,tare_new,8.0
104,tare_new,10.0
105,tare_new,8.0
106,tare_new,10.0
107,tare_new,8.0
108,tare_new,9.0
109,tare_new,13.0
110,tare_new,6.0
111,tare_new,8.0
112,tare_new,7.0
113,tare_new,7.0
114,tare_new,9.0
115,tare_new,11.0
116,tare_new,5.0
117,tare_new,13.0
118,tare_new,10.0
119,tare_new,13.0
4,tare_reused,40.0
5,tare_reused,50.0
6,tare_reused,50.0
7,tare_reused,49.0
8,tare_reused,47.0
9,tare_reused,54.0
10,tare_reused,52.0
11,tare_reused,52.0
12,tare_reused,52.0
13,tare_reused,48.0
14,tare_reused,51.0
15,tare_reused,53.0
16,tare_reused,50.0
17,tare_reused,49.0
18,tare_reused,56.0
19,tare_reused,44.0
20,tare_reused,45.0
21,tare_reused,49.0
22,tare_reused,46.0
23,tare_reused,52.0
24,tare_reused,52.0
25,tare_reused,49.0
26,tare_reused,54.0
27,tare_reused,53.0
28,tare_reused,52.0
29,tare_reused,45.0
30,tare_reused,46.0
31,tare_reused,46.0
32,tare_reused,48.0
33,tare_reused,52.0
34,tare_reused,48.0
35,tare_reused,54.0
36,tare_reused,49.0
37,tare_reused,51.0
38,tare_reused,50.0
39,tare_reused,51.0
40,tare_reused,50.0
41,tare_reused,49.0
42,tare_reused,51.0
43,tare_reused,48.0
44,tare_reused,48.0
45,tare_reused,47.0
46,tare_reused,46.0
47,tare_reused,51.0
48,tare_reused,47.0
49,tare_reused,50.0
50,tare_reused,51.0
51,tare_reused,50.0
52,tare_reused,52.0
53,tare_reused,56.0
54,tare_reused,48.0
55,tare_reused,51.0
56,tare_reused,54.0
57,tare_reused,53.0
58,tare_reused,48.0
59,tare_reused,45.0
60,tare_reused,48.0
61,tare_reused,42.0
62,tare_reused,54.0
63,tare_reused,48.0
64,tare_reused,47.0
65,tare_reused,47.0
66,tare_reused,50.0
67,tare_reused,46.0
68,tare_reused,51.0
69,tare_reused,53.0
70,tare_reused,51.0
71,tare_reused,53.0
72,tare_reused,44.0
73,tare_reused,50.0
74,tare_reused,49.0
75,tare_reused,52.0
76,tare_reused,48.0
77,tare_reused,46.0
78,tare_reused,50.0
79,tare_reused,51.0
80,tare_reused,49.0
81,tare_reused,54.0
82,tare_reused,49.0
83,tare_reused,54.0
84,tare_reused,50.0
85,tare_reused,44.0
86,tare_reused,55.0
87,tare_reused,45.0
88,tare_reused,49.0
89,tare_reused,44.0
90,tare_reused,52.0
91,tare_reused,47.0
92,tare_reused,47.0
93,tare_reused,49.0
94,tare_reused,43.0
95,tare_reused,50.0
96,tare_reused,47.0
97,tare_reused,47.0
98,tare_reused,46.0
99,tare_reused,53.0
100,tare_reused,43.0
101,tare_reused,51.0
102,tare_reused,51.0
103,tare_reused,51.0
104,tare_reused,47.0
105,tare_reused,50.0
106,tare_reused,43.0
107,tare_reused,47.0
108,tare_reused,51.0
109,tare_reused,44.0
110,tare_reused,52.0
111,tare_reused,44.0
112,tare_reused,50.0
113,tare_reused,53.0
114,tare_reused,50.0
115,tare_reused,43.0
116,tare_reused,48.0
117,tare_reused,51.0
118,tare_reused,46.0
119,tare_reused,50.0
4,tare_scrapped,8.0
5,tare_scrapped,12.0
6,tare_scrapped,12.0
7,tare_scrapped,11.0
8,tare_scrapped,15.0
9,tare_scrapped,8.0
10,tare_scrapped,8.0
11,tare_scrapped,12.0
12,tare_scrapped,8.0
13,tare_scrapped,12.0
14,tare_scrapped,13.0
15,tare_scrapped,9.0
16,tare_scrapped,12.0
17,tare_scrapped,13.0
18,tare_scrapped,6.0
19,tare_scrapped,16.0
20,tare_scrapped,17.0
21,tare_scrapped,13.0
22,tare_scrapped,14.0
23,tare_scrapped,12.0
24,tare_scrapped,8.0
25,tare_scrapped,11.0
26,tare_scrapped,10.0
27,tare_scrapped,9.0
28,tare_scrapped,10.0
29,tare_scrapped,17.0
30,tare_scrapped,16.0
31,tare_scrapped,14.0
32,tare_scrapped,14.0
33,tare_scrapped,10.0
34,tare_scrapped,12.0
35,tare_scrapped,10.0
36,tare_scrapped,11.0
37,tare_scrapped,9.0
38,tare_scrapped,14.0
39,tare_scrapped,11.0
40,tare_scrapped,12.0
41,tare_scrapped,13.0
42,tare_scrapped,11.0
43,tare_scrapped,12.0
44,tare_scrapped,14.0
45,tare_scrapped,15.0
46,tare_scrapped,14.0
47,tare_scrapped,13.0
48,tare_scrapped,13.0
49,tare_scrapped,10.0
50,tare_scrapped,13.0
51,tare_scrapped,12.0
52,tare_scrapped,10.0
53,tare_scrapped,6.0
54,tare_scrapped,14.0
55,tare_scrapped,9.0
56,tare_scrapped,8.0
57,tare_scrapped,9.0
58,tare_scrapped,12.0
59,tare_scrapped,19.0
60,tare_scrapped,12.0
61,tare_scrapped,18.0
62,tare_scrapped,10.0
63,tare_scrapped,14.0
64,tare_scrapped,15.0
65,tare_scrapped,15.0
66,tare_scrapped,12.0
67,tare_scrapped,14.0
68,tare_scrapped,11.0
69,tare_scrapped,9.0
70,tare_scrapped,9.0
71,tare_scrapped,11.0
72,tare_scrapped,16.0
73,tare_scrapped,10.0
74,tare_scrapped,15.0
75,tare_scrapped,10.0
76,tare_scrapped,14.0
77,tare_scrapped,16.0
78,tare_scrapped,12.0
79,tare_scrapped,9.0
80,tare_scrapped,13.0
81,tare_scrapped,8.0
82,tare_scrapped,11.0
83,tare_scrapped,10.0
84,tare_scrapped,10.0
85,tare_scrapped,16.0
86,tare_scrapped,9.0
87,tare_scrapped,17.0
88,tare_scrapped,13.0
89,tare_scrapped,18.0
90,tare_scrapped,10.0
91,tare_scrapped,13.0
92,tare_scrapped,15.0
93,tare_scrapped,13.0
94,tare_scrapped,17.0
95,tare_scrapped,14.0
96,tare_scrapped,13.0
97,tare_scrapped,13.0
98,tare_scrapped,18.0
99,tare_scrapped,9.0
100,tare_scrapped,19.0
101,tare_scrapped,11.0
102,tare_scrapped,11.0
103,tare_scrapped,9.0
104,tare_scrapped,15.0
105,tare_scrapped,12.0
106,tare_scrapped,17.0
107,tare_scrapped,17.0
108,tare_scrapped,9.0
109,tare_scrapped,16.0
110,tare_scrapped,12.0
111,tare_scrapped,18.0
112,tare_scrapped,12.0
113,tare_scrapped,9.0
114,tare_scrapped,12.0
115,tare_scrapped,17.0
116,tare_scrapped,14.0
117,tare_scrapped,11.0
118,tare_scrapped,14.0
119,tare_scrapped,14.0
3,transport_in_boxes,20.0
4,transport_in_boxes,60.0
5,transport_in_boxes,60.0
6,transport_in_boxes,60.0
7,transport_in_boxes,60.0
8,transport_in_boxes,60.0
9,transport_in_boxes,80.0
10,transport_in_boxes,60.0
11,transport_in_boxes,60.0
12,transport_in_boxes,60.0
13,transport_in_boxes,60.0
14,transport_in_boxes,60.0
15,transport_in_boxes,60.0
16,transport_in_boxes,60.0
17,transport_in_boxes,60.0
18,transport_in_boxes,60.0
19,transport_in_boxes,60.0
20,transport_in_boxes,60.0
21,transport_in_boxes,80.0
22,transport_in_boxes,60.0
23,transport_in_boxes,60.0
24,transport_in_boxes,60.0
25,transport_in_boxes,60.0
26,transport_in_boxes,60.0
27,transport_in_boxes,60.0
28,transport_in_boxes,60.0
29,transport_in_boxes,60.0
30,transport_in_boxes,60.0
31,transport_in_boxes,60.0
32,transport_in_boxes,60.0
33,transport_in_boxes,80.0
34,transport_in_boxes,60.0
35,transport_in_boxes,60.0
36,transport_in_boxes,60.0
37,transport_in_boxes,60.0
38,transport_in_boxes,60.0
39,transport_in_boxes,60.0
40,transport_in_boxes,60.0
41,transport_in_boxes,60.0
42,transport_in_boxes,60.0
43,transport_in_boxes,60.0
44,transport_in_boxes,60.0
45,transport_in_boxes,80.0
46,transport_in_boxes,60.0
47,transport_in_boxes,60.0
48,transport_in_boxes,60.0
49,transport_in_boxes,60.0
50,transport_in_boxes,60.0
51,transport_in_boxes,60.0
52,transport_in_boxes,60.0
53,transport_in_boxes,60.0
54,transport_in_boxes,60.0
55,transport_in_boxes,60.0
56,transport_in_boxes,60.0
57,transport_in_boxes,80.0
58,transport_in_boxes,60.0
59,transport_in_boxes,60.0
60,transport_in_boxes,60.0
61,transport_in_boxes,60.0
62,transport_in_boxes,60.0
63,transport_in_boxes,60.0
64,transport_in_boxes,60.0
65,transport_in_boxes,60.0
66,transport_in_boxes,60.0
67,transport_in_boxes,60.0
68,transport_in_boxes,60.0
69,transport_in_boxes,80.0
70,transport_in_boxes,60.0
71,transport_in_boxes,60.0
72,transport_in_boxes,60.0
73,transport_in_boxes,60.0
74,transport_in_boxes,60.0
75,transport_in_boxes,60.0
76,transport_in_boxes,60.0
77,transport_in_boxes,60.0
78,transport_in_boxes,60.0
79,transport_in_boxes,60.0
80,transport_in_boxes,60.0
81,transport_in_boxes,80.0
82,transport_in_boxes,60.0
83,transport_in_boxes,60.0
84,transport_in_boxes,60.0
85,transport_in_boxes,60.0
86,transport_in_boxes,60.0
87,transport_in_boxes,60.0
88,transport_in_boxes,60.0
89,transport_in_boxes,60.0
90,transport_in_boxes,60.0
91,transport_in_boxes,60.0
92,transport_in_boxes,60.0
93,transport_in_boxes,80.0
94,transport_in_boxes,60.0
95,transport_in_boxes,60.0
96,transport_in_boxes,60.0
97,transport_in_boxes,60.0
98,transport_in_boxes,60.0
99,transport_in_boxes,60.0
100,transport_in_boxes,60.0
101,transport_in_boxes,60.0
102,transport_in_boxes,60.0
103,transport_in_boxes,60.0
104,transport_in_boxes,60.0
105,transport_in_boxes,80.0
106,transport_in_boxes,60.0
107,transport_in_boxes,60.0
108,transport_in_boxes,60.0
109,transport_in_boxes,60.0
110,transport_in_boxes,60.0
111,transport_in_boxes,60.0
112,transport_in_boxes,60.0
113,transport_in_boxes,60.0
114,transport_in_boxes,60.0
115,transport_in_boxes,60.0
116,transport_in_boxes,60.0
117,transport_in_boxes,80.0
118,transport_in_boxes,60.0
119,transport_in_boxes,60.0
5,transport_out_boxes,12.0
6,transport_out_boxes,34.0
7,transport_out_boxes,38.0
8,transport_out_boxes,45.0
9,transport_out_boxes,46.0
10,transport_out_boxes,49.0
11,transport_out_boxes,45.0
12,transport_out_boxes,50.0
13,transport_out_boxes,51.0
14,transport_out_boxes,45.0
15,transport_out_boxes,51.0
16,transport_out_boxes,50.0
17,transport_out_boxes,52.0
18,transport_out_boxes,50.0
19,transport_out_boxes,59.0
20,transport_out_boxes,60.0
21,transport_out_boxes,41.0
22,transport_out_boxes,51.0
23,transport_out_boxes,57.0
24,transport_out_boxes,58.0
25,transport_out_boxes,61.0
26,transport_out_boxes,54.0
27,transport_out_boxes,60.0
28,transport_out_boxes,56.0
29,transport_out_boxes,55.0
30,transport_out_boxes,51.0
31,transport_out_boxes,62.0
32,transport_out_boxes,56.0
33,transport_out_boxes,70.0
34,transport_out_boxes,65.0
35,transport_out_boxes,53.0
36,transport_out_boxes,56.0
37,transport_out_boxes,64.0
38,transport_out_boxes,55.0
39,transport_out_boxes,61.0
40,transport_out_boxes,62.0
41,transport_out_boxes,59.0
42,transport_out_boxes,57.0
43,transport_out_boxes,66.0
44,transport_out_boxes,52.0
45,transport_out_boxes,58.0
46,transport_out_boxes,60.0
47,transport_out_boxes,64.0
48,transport_out_boxes,59.0
49,transport_out_boxes,55.0
50,transport_out_boxes,62.0
51,transport_out_boxes,72.0
52,transport_out_boxes,72.0
53,transport_out_boxes,71.0
54,transport_out_boxes,68.0
55,transport_out_boxes,55.0
56,transport_out_boxes,57.0
57,transport_out_boxes,54.0
58,transport_out_boxes,62.0
59,transport_out_boxes,56.0
60,transport_out_boxes,54.0
61,transport_out_boxes,60.0
62,transport_out_boxes,51.0
63,transport_out_boxes,60.0
64,transport_out_boxes,53.0
65,transport_out_boxes,57.0
66,transport_out_boxes,55.0
67,transport_out_boxes,52.0
68,transport_out_boxes,54.0
69,transport_out_boxes,66.0
70,transport_out_boxes,61.0
71,transport_out_boxes,52.0
72,transport_out_boxes,59.0
73,transport_out_boxes,55.0
74,transport_out_boxes,57.0
75,transport_out_boxes,55.0
76,transport_out_boxes,61.0
77,transport_out_boxes,61.0
78,transport_out_boxes,65.0
79,transport_out_boxes,56.0
80,transport_out_boxes,55.0
81,transport_out_boxes,63.0
82,transport_out_boxes,51.0
83,transport_out_boxes,56.0
84,transport_out_boxes,65.0
85,transport_out_boxes,56.0
86,transport_out_boxes,72.0
87,transport_out_boxes,56.0
88,transport_out_boxes,59.0
89,transport_out_boxes,61.0
90,transport_out_boxes,54.0
91,transport_out_boxes,58.0
92,transport_out_boxes,62.0
93,transport_out_boxes,59.0
94,transport_out_boxes,63.0
95,transport_out_boxes,63.0
96,transport_out_boxes,54.0
97,transport_out_boxes,62.0
98,transport_out_boxes,67.0
99,transport_out_boxes,60.0
100,transport_out_boxes,62.0
101,transport_out_boxes,58.0
102,transport_out_boxes,66.0
103,transport_out_boxes,58.0
104,transport_out_boxes,61.0
105,transport_out_boxes,61.0
106,transport_out_boxes,58.0
107,transport_out_boxes,53.0
108,transport_out_boxes,52.0
109,transport_out_boxes,62.0
110,transport_out_boxes,57.0
111,transport_out_boxes,55.0
112,transport_out_boxes,57.0
113,transport_out_boxes,51.0
114,transport_out_boxes,65.0
115,transport_out_boxes,58.0
116,transport_out_boxes,56.0
117,transport_out_boxes,52.0
118,transport_out_boxes,64.0
119,transport_out_boxes,55.0
