minute,queue,avg_length,max_length
0,infeed_queue_boxes,0.0,0.0
1,infeed_queue_boxes,0.0,0.0
2,infeed_queue_boxes,0.0,0.0
3,infeed_queue_boxes,0.0,0.0
4,infeed_queue_boxes,1.0,2.0
5,infeed_queue_boxes,0.0,0.0
6,infeed_queue_boxes,0.0,0.0
7,infeed_queue_boxes,1.0,2.0
8,infeed_queue_boxes,1.0,2.0
9,infeed_queue_boxes,0.0,0.0
10,infeed_queue_boxes,0.0,0.0
11,infeed_queue_boxes,1.0,2.0
12,infeed_queue_boxes,0.0,0.0
13,infeed_queue_boxes,0.0,0.0
14,infeed_queue_boxes,2.0,2.0
15,infeed_queue_boxes,0.0,0.0
16,infeed_queue_boxes,0.0,0.0
17,infeed_queue_boxes,0.0,0.0
18,infeed_queue_boxes,0.0,0.0
19,infeed_queue_boxes,1.0,2.0
20,infeed_queue_boxes,1.0,2.0
21,infeed_queue_boxes,0.0,0.0
22,infeed_queue_boxes,0.0,0.0
23,infeed_queue_boxes,1.0,2.0
24,infeed_queue_boxes,0.0,0.0
25,infeed_queue_boxes,0.0,0.0
26,infeed_queue_boxes,2.0,2.0
27,infeed_queue_boxes,0.0,0.0
28,infeed_queue_boxes,1.0,2.0
29,infeed_queue_boxes,0.0,0.0
30,infeed_queue_boxes,0.0,0.0
31,infeed_queue_boxes,1.0,2.0
32,infeed_queue_boxes,1.0,2.0
33,infeed_queue_boxes,0.0,0.0
34,infeed_queue_boxes,0.0,0.0
35,infeed_queue_boxes,1.0,2.0
36,infeed_queue_boxes,0.0,0.0
37,infeed_queue_boxes,0.0,0.0
38,infeed_queue_boxes,2.0,2.0
39,infeed_queue_boxes,0.0,0.0
40,infeed_queue_boxes,1.0,2.0
41,infeed_queue_boxes,0.0,0.0
42,infeed_queue_boxes,0.0,0.0
43,infeed_queue_boxes,1.0,2.0
44,infeed_queue_boxes,1.0,2.0
45,infeed_queue_boxes,0.0,0.0
46,infeed_queue_boxes,0.0,0.0
47,infeed_queue_boxes,1.0,2.0
48,infeed_queue_boxes,0.0,0.0
49,infeed_queue_boxes,0.0,0.0
50,infeed_queue_boxes,2.0,2.0
51,infeed_queue_boxes,0.0,0.0
52,infeed_queue_boxes,0.0,0.0
53,infeed_queue_boxes,0.0,0.0
54,infeed_queue_boxes,0.0,0.0
55,infeed_queue_boxes,1.0,2.0
56,infeed_queue_boxes,1.0,2.0
57,infeed_queue_boxes,0.0,0.0
58,infeed_queue_boxes,0.0,0.0
59,infeed_queue_boxes,1.0,2.0
60,infeed_queue_boxes,0.0,0.0
61,infeed_queue_boxes,0.0,0.0
62,infeed_queue_boxes,2.0,2.0
63,infeed_queue_boxes,0.0,0.0
64,infeed_queue_boxes,0.0,0.0
65,infeed_queue_boxes,0.0,0.0
66,infeed_queue_boxes,0.0,0.0
67,infeed_queue_boxes,1.0,2.0
68,infeed_queue_boxes,1.0,2.0
69,infeed_queue_boxes,0.0,0.0
70,infeed_queue_boxes,0.0,0.0
71,infeed_queue_boxes,1.0,2.0
72,infeed_queue_boxes,0.0,0.0
73,infeed_queue_boxes,0.0,0.0
74,infeed_queue_boxes,2.0,2.0
75,infeed_queue_boxes,0.0,0.0
76,infeed_queue_boxes,0.0,0.0
77,infeed_queue_boxes,0.0,0.0
78,infeed_queue_boxes,0.0,0.0
79,infeed_queue_boxes,1.0,2.0
80,infeed_queue_boxes,1.0,2.0
81,infeed_queue_boxes,0.0,0.0
82,infeed_queue_boxes,0.0,0.0
83,infeed_queue_boxes,1.0,2.0
84,infeed_queue_boxes,0.0,0.0
85,infeed_queue_boxes,0.0,0.0
86,infeed_queue_boxes,2.0,2.0
87,infeed_queue_boxes,0.0,0.0
88,infeed_queue_boxes,1.0,2.0
89,infeed_queue_boxes,0.0,0.0
90,infeed_queue_boxes,0.0,0.0
91,infeed_queue_boxes,1.0,2.0
92,infeed_queue_boxes,1.0,2.0
93,infeed_queue_boxes,0.0,0.0
94,infeed_queue_boxes,0.0,0.0
95,infeed_queue_boxes,1.0,2.0
96,infeed_queue_boxes,0.0,0.0
97,infeed_queue_boxes,0.0,0.0
98,infeed_queue_boxes,2.0,2.0
99,infeed_queue_boxes,0.0,0.0
100,infeed_queue_boxes,1.0,2.0
101,infeed_queue_boxes,0.0,0.0
102,infeed_queue_boxes,0.0,0.0
103,infeed_queue_boxes,1.0,2.0
104,infeed_queue_boxes,1.0,2.0
105,infeed_queue_boxes,0.0,0.0
106,infeed_queue_boxes,0.0,0.0
107,infeed_queue_boxes,1.0,2.0
108,infeed_queue_boxes,0.0,0.0
109,infeed_queue_boxes,0.0,0.0
110,infeed_queue_boxes,2.0,2.0
111,infeed_queue_boxes,0.0,0.0
112,infeed_queue_boxes,1.0,2.0
113,infeed_queue_boxes,0.0,0.0
114,infeed_queue_boxes,0.0,0.0
115,infeed_queue_boxes,1.0,2.0
116,infeed_queue_boxes,1.0,2.0
117,infeed_queue_boxes,0.0,0.0
118,infeed_queue_boxes,0.0,0.0
119,infeed_queue_boxes,1.0,2.0
0,nonsort_batches,0.0,0.0
1,nonsort_batches,0.0,0.0
2,nonsort_batches,0.0,0.0
3,nonsort_batches,0.0,0.0
4,nonsort_batches,0.0,0.0
5,nonsort_batches,4.0,7.0
6,nonsort_batches,3.0,5.0
7,nonsort_batches,0.0,0.0
8,nonsort_batches,2.5,4.0
9,nonsort_batches,0.0,0.0
10,nonsort_batches,0.0,0.0
11,nonsort_batches,0.5,1.0
12,nonsort_batches,2.5,5.0
13,nonsort_batches,0.0,0.0
14,nonsort_batches,0.0,0.0
15,nonsort_batches,0.0,0.0
16,nonsort_batches,0.0,0.0
17,nonsort_batches,0.0,0.0
18,nonsort_batches,0.0,0.0
19,nonsort_batches,0.0,0.0
20,nonsort_batches,0.0,0.0
21,nonsort_batches,0.0,0.0
22,nonsort_batches,0.5,1.0
23,nonsort_batches,0.0,0.0
24,nonsort_batches,1.0,2.0
25,nonsort_batches,1.0,2.0
26,nonsort_batches,1.0,2.0
27,nonsort_batches,1.5,3.0
28,nonsort_batches,0.0,0.0
29,nonsort_batches,4.0,4.0
30,nonsort_batches,5.5,7.0
31,nonsort_batches,4.0,8.0
32,nonsort_batches,0.0,0.0
33,nonsort_batches,3.5,7.0
34,nonsort_batches,7.0,9.0
35,nonsort_batches,8.0,10.0
36,nonsort_batches,5.5,10.0
37,nonsort_batches,0.0,0.0
38,nonsort_batches,0.0,0.0
39,nonsort_batches,0.0,0.0
40,nonsort_batches,0.0,0.0
41,nonsort_batches,3.0,6.0
42,nonsort_batches,8.0,9.0
43,nonsort_batches,5.0,9.0
44,nonsort_batches,3.5,5.0
45,nonsort_batches,3.0,4.0
46,nonsort_batches,0.0,0.0
47,nonsort_batches,0.0,0.0
48,nonsort_batches,3.0,6.0
49,nonsort_batches,7.5,8.0
50,nonsort_batches,10.0,12.0
51,nonsort_batches,2.5,3.0
52,nonsort_batches,3.5,5.0
53,nonsort_batches,0.0,0.0
54,nonsort_batches,0.0,0.0
55,nonsort_batches,3.0,6.0
56,nonsort_batches,2.5,3.0
57,nonsort_batches,0.0,0.0
58,nonsort_batches,1.0,2.0
59,nonsort_batches,0.0,0.0
60,nonsort_batches,0.5,1.0
61,nonsort_batches,3.5,7.0
62,nonsort_batches,0.0,0.0
63,nonsort_batches,4.0,6.0
64,nonsort_batches,8.5,10.0
65,nonsort_batches,3.5,6.0
66,nonsort_batches,4.5,5.0
67,nonsort_batches,3.5,4.0
68,nonsort_batches,0.0,0.0
69,nonsort_batches,0.0,0.0
70,nonsort_batches,0.0,0.0
71,nonsort_batches,0.0,0.0
72,nonsort_batches,0.0,0.0
73,nonsort_batches,0.0,0.0
74,nonsort_batches,0.0,0.0
75,nonsort_batches,1.5,3.0
76,nonsort_batches,1.0,1.0
77,nonsort_batches,0.0,0.0
78,nonsort_batches,0.0,0.0
79,nonsort_batches,0.0,0.0
80,nonsort_batches,1.0,2.0
81,nonsort_batches,0.0,0.0
82,nonsort_batches,0.0,0.0
83,nonsort_batches,0.0,0.0
84,nonsort_batches,2.0,2.0
85,nonsort_batches,0.0,0.0
86,nonsort_batches,0.0,0.0
87,nonsort_batches,0.0,0.0
88,nonsort_batches,0.0,0.0
89,nonsort_batches,0.0,0.0
90,nonsort_batches,0.0,0.0
91,nonsort_batches,3.0,4.0
92,nonsort_batches,0.5,1.0
93,nonsort_batches,0.0,0.0
94,nonsort_batches,0.5,1.0
95,nonsort_batches,0.5,1.0
96,nonsort_batches,0.0,0.0
97,nonsort_batches,2.5,5.0
98,nonsort_batches,0.0,0.0
99,nonsort_batches,4.0,5.0
100,nonsort_batches,0.0,0.0
101,nonsort_batches,4.0,5.0
102,nonsort_batches,6.5,8.0
103,nonsort_batches,2.5,5.0
104,nonsort_batches,3.0,5.0
105,nonsort_batches,0.0,0.0
106,nonsort_batches,0.0,0.0
107,nonsort_batches,0.5,1.0
108,nonsort_batches,2.5,5.0
109,nonsort_batches,1.0,1.0
110,nonsort_batches,0.0,0.0
111,nonsort_batches,2.5,5.0
112,nonsort_batches,0.0,0.0
113,nonsort_batches,4.0,8.0
114,nonsort_batches,6.5,7.0
115,nonsort_batches,10.5,11.0
116,nonsort_batches,0.0,0.0
117,nonsort_batches,0.5,1.0
118,nonsort_batches,0.0,0.0
119,nonsort_batches,0.5,1.0
0,opening_queue_boxes,0.0,0.0
1,opening_queue_boxes,0.0,0.0
2,opening_queue_boxes,0.0,0.0
3,opening_queue_boxes,0.0,0.0
4,opening_queue_boxes,8.0,12.0
5,opening_queue_boxes,8.0,12.0
6,opening_queue_boxes,8.0,12.0
7,opening_queue_boxes,4.0,8.0
8,opening_queue_boxes,4.0,8.0
9,opening_queue_boxes,4.0,8.0
10,opening_queue_boxes,10.0,16.0
11,opening_queue_boxes,8.0,12.0
12,opening_queue_boxes,8.0,12.0
13,opening_queue_boxes,6.0,12.0
14,opening_queue_boxes,4.0,8.0
15,opening_queue_boxes,4.0,8.0
16,opening_queue_boxes,12.0,16.0
17,opening_queue_boxes,8.0,12.0
18,opening_queue_boxes,8.0,12.0
19,opening_queue_boxes,4.0,8.0
20,opening_queue_boxes,4.0,8.0
21,opening_queue_boxes,4.0,8.0
22,opening_queue_boxes,10.0,16.0
23,opening_queue_boxes,8.0,12.0
24,opening_queue_boxes,8.0,12.0
25,opening_queue_boxes,6.0,12.0
26,opening_queue_boxes,4.0,8.0
27,opening_queue_boxes,12.0,16.0
28,opening_queue_boxes,8.0,12.0
29,opening_queue_boxes,8.0,12.0
30,opening_queue_boxes,8.0,12.0
31,opening_queue_boxes,4.0,8.0
32,opening_queue_boxes,4.0,8.0
33,opening_queue_boxes,4.0,8.0
34,opening_queue_boxes,10.0,16.0
35,opening_queue_boxes,8.0,12.0
36,opening_queue_boxes,8.0,12.0
37,opening_queue_boxes,6.0,12.0
38,opening_queue_boxes,4.0,8.0
39,opening_queue_boxes,12.0,16.0
40,opening_queue_boxes,8.0,12.0
41,opening_queue_boxes,8.0,12.0
42,opening_queue_boxes,8.0,12.0
43,opening_queue_boxes,4.0,8.0
44,opening_queue_boxes,4.0,8.0
45,opening_queue_boxes,4.0,8.0
46,opening_queue_boxes,10.0,16.0
47,opening_queue_boxes,8.0,12.0
48,opening_queue_boxes,8.0,12.0
49,opening_queue_boxes,6.0,12.0
50,opening_queue_boxes,4.0,8.0
51,opening_queue_boxes,4.0,8.0
52,opening_queue_boxes,12.0,16.0
53,opening_queue_boxes,8.0,12.0
54,opening_queue_boxes,8.0,12.0
55,opening_queue_boxes,4.0,8.0
56,opening_queue_boxes,4.0,8.0
57,opening_queue_boxes,4.0,8.0
58,opening_queue_boxes,10.0,16.0
59,opening_queue_boxes,8.0,12.0
60,opening_queue_boxes,8.0,12.0
61,opening_queue_boxes,6.0,12.0
62,opening_queue_boxes,4.0,8.0
63,opening_queue_boxes,4.0,8.0
64,opening_queue_boxes,12.0,16.0
65,opening_queue_boxes,8.0,12.0
66,opening_queue_boxes,8.0,12.0
67,opening_queue_boxes,4.0,8.0
68,opening_queue_boxes,4.0,8.0
69,opening_queue_boxes,4.0,8.0
70,opening_queue_boxes,10.0,16.0
71,opening_queue_boxes,8.0,12.0
72,opening_queue_boxes,8.0,12.0
73,opening_queue_boxes,6.0,12.0
74,opening_queue_boxes,4.0,8.0
75,opening_queue_boxes,4.0,8.0
76,opening_queue_boxes,12.0,16.0
77,opening_queue_boxes,8.0,12.0
78,opening_queue_boxes,8.0,12.0
79,opening_queue_boxes,4.0,8.0
80,opening_queue_boxes,4.0,8.0
81,opening_queue_boxes,4.0,8.0
82,opening_queue_boxes,10.0,16.0
83,opening_queue_boxes,8.0,12.0
84,opening_queue_boxes,8.0,12.0
85,opening_queue_boxes,6.0,12.0
86,opening_queue_boxes,4.0,8.0
87,opening_queue_boxes,12.0,16.0
88,opening_queue_boxes,8.0,12.0
89,opening_queue_boxes,8.0,12.0
90,opening_queue_boxes,8.0,12.0
91,opening_queue_boxes,4.0,8.0
92,opening_queue_boxes,4.0,8.0
93,opening_queue_boxes,4.0,8.0
94,opening_queue_boxes,10.0,16.0
95,opening_queue_boxes,8.0,12.0
96,opening_queue_boxes,8.0,12.0
97,opening_queue_boxes,6.0,12.0
98,opening_queue_boxes,4.0,8.0
99,opening_queue_boxes,12.0,16.0
100,opening_queue_boxes,8.0,12.0
101,opening_queue_boxes,8.0,12.0
102,opening_queue_boxes,8.0,12.0
103,opening_queue_boxes,4.0,8.0
104,opening_queue_boxes,4.0,8.0
105,opening_queue_boxes,4.0,8.0
106,opening_queue_boxes,10.0,16.0
107,opening_queue_boxes,8.0,12.0
108,opening_queue_boxes,8.0,12.0
109,opening_queue_boxes,6.0,12.0
110,opening_queue_boxes,4.0,8.0
111,opening_queue_boxes,12.0,16.0
112,opening_queue_boxes,8.0,12.0
113,opening_queue_boxes,8.0,12.0
114,opening_queue_boxes,8.0,12.0
115,opening_queue_boxes,4.0,8.0
116,opening_queue_boxes,4.0,8.0
117,opening_queue_boxes,4.0,8.0
118,opening_queue_boxes,10.0,16.0
119,opening_queue_boxes,8.0,12.0
0,pallets_awaiting_gates,0.0,0.0
1,pallets_awaiting_gates,0.0,0.0
2,pallets_awaiting_gates,0.0,0.0
3,pallets_awaiting_gates,0.0,0.0
4,pallets_awaiting_gates,0.0,0.0
5,pallets_awaiting_gates,0.0,0.0
6,pallets_awaiting_gates,0.0,0.0
7,pallets_awaiting_gates,0.0,0.0
8,pallets_awaiting_gates,0.0,0.0
9,pallets_awaiting_gates,0.0,0.0
10,pallets_awaiting_gates,0.0,0.0
11,pallets_awaiting_gates,0.0,0.0
12,pallets_awaiting_gates,0.0,0.0
13,pallets_awaiting_gates,0.0,0.0
14,pallets_awaiting_gates,0.0,0.0
15,pallets_awaiting_gates,0.0,0.0
16,pallets_awaiting_gates,0.0,0.0
17,pallets_awaiting_gates,0.0,0.0
18,pallets_awaiting_gates,0.0,0.0
19,pallets_awaiting_gates,0.0,0.0
20,pallets_awaiting_gates,0.0,0.0
21,pallets_awaiting_gates,0.0,0.0
22,pallets_awaiting_gates,0.0,0.0
23,pallets_awaiting_gates,0.0,0.0
24,pallets_awaiting_gates,0.0,0.0
25,pallets_awaiting_gates,0.0,0.0
26,pallets_awaiting_gates,0.0,0.0
27,pallets_awaiting_gates,0.0,0.0
28,pallets_awaiting_gates,0.0,0.0
29,pallets_awaiting_gates,0.0,0.0
30,pallets_awaiting_gates,0.0,0.0
31,pallets_awaiting_gates,0.0,0.0
32,pallets_awaiting_gates,0.0,0.0
33,pallets_awaiting_gates,0.0,0.0
34,pallets_awaiting_gates,0.0,0.0
35,pallets_awaiting_gates,0.0,0.0
36,pallets_awaiting_gates,0.0,0.0
37,pallets_awaiting_gates,0.0,0.0
38,pallets_awaiting_gates,0.0,0.0
39,pallets_awaiting_gates,0.0,0.0
40,pallets_awaiting_gates,0.0,0.0
41,pallets_awaiting_gates,0.0,0.0
42,pallets_awaiting_gates,0.0,0.0
43,pallets_awaiting_gates,0.0,0.0
44,pallets_awaiting_gates,0.0,0.0
45,pallets_awaiting_gates,0.0,0.0
46,pallets_awaiting_gates,0.0,0.0
47,pallets_awaiting_gates,0.0,0.0
48,pallets_awaiting_gates,0.0,0.0
49,pallets_awaiting_gates,0.0,0.0
50,pallets_awaiting_gates,0.0,0.0
51,pallets_awaiting_gates,0.0,0.0
52,pallets_awaiting_gates,0.0,0.0
53,pallets_awaiting_gates,0.0,0.0
54,pallets_awaiting_gates,0.0,0.0
55,pallets_awaiting_gates,0.0,0.0
56,pallets_awaiting_gates,0.0,0.0
57,pallets_awaiting_gates,0.0,0.0
58,pallets_awaiting_gates,0.0,0.0
59,pallets_awaiting_gates,0.0,0.0
60,pallets_awaiting_gates,0.0,0.0
61,pallets_awaiting_gates,0.0,0.0
62,pallets_awaiting_gates,0.0,0.0
63,pallets_awaiting_gates,0.0,0.0
64,pallets_awaiting_gates,0.0,0.0
65,pallets_awaiting_gates,0.0,0.0
66,pallets_awaiting_gates,0.0,0.0
67,pallets_awaiting_gates,0.0,0.0
68,pallets_awaiting_gates,0.0,0.0
69,pallets_awaiting_gates,0.0,0.0
70,pallets_awaiting_gates,0.0,0.0
71,pallets_awaiting_gates,0.0,0.0
72,pallets_awaiting_gates,0.0,0.0
73,pallets_awaiting_gates,0.0,0.0
74,pallets_awaiting_gates,0.0,0.0
75,pallets_awaiting_gates,0.0,0.0
76,pallets_awaiting_gates,0.0,0.0
77,pallets_awaiting_gates,0.0,0.0
78,pallets_awaiting_gates,0.0,0.0
79,pallets_awaiting_gates,0.0,0.0
80,pallets_awaiting_gates,0.0,0.0
81,pallets_awaiting_gates,0.0,0.0
82,pallets_awaiting_gates,0.0,0.0
83,pallets_awaiting_gates,0.0,0.0
84,pallets_awaiting_gates,0.0,0.0
85,pallets_awaiting_gates,0.0,0.0
86,pallets_awaiting_gates,0.0,0.0
87,pallets_awaiting_gates,0.0,0.0
88,pallets_awaiting_gates,0.0,0.0
89,pallets_awaiting_gates,0.0,0.0
90,pallets_awaiting_gates,0.0,0.0
91,pallets_awaiting_gates,0.0,0.0
92,pallets_awaiting_gates,0.0,0.0
93,pallets_awaiting_gates,0.0,0.0
94,pallets_awaiting_gates,0.0,0.0
95,pallets_awaiting_gates,0.0,0.0
96,pallets_awaiting_gates,0.0,0.0
97,pallets_awaiting_gates,0.0,0.0
98,pallets_awaiting_gates,0.0,0.0
99,pallets_awaiting_gates,0.0,0.0
100,pallets_awaiting_gates,0.0,0.0
101,pallets_awaiting_gates,0.0,0.0
102,pallets_awaiting_gates,0.0,0.0
103,pallets_awaiting_gates,0.0,0.0
104,pallets_awaiting_gates,0.0,0.0
105,pallets_awaiting_gates,0.0,0.0
106,pallets_awaiting_gates,0.0,0.0
107,pallets_awaiting_gates,0.0,0.0
108,pallets_awaiting_gates,0.0,0.0
109,pallets_awaiting_gates,0.0,0.0
110,pallets_awaiting_gates,0.0,0.0
111,pallets_awaiting_gates,0.0,0.0
112,pallets_awaiting_gates,0.5,1.0
113,pallets_awaiting_gates,0.0,0.0
114,pallets_awaiting_gates,0.0,0.0
115,pallets_awaiting_gates,0.0,0.0
116,pallets_awaiting_gates,0.0,0.0
117,pallets_awaiting_gates,0.0,0.0
118,pallets_awaiting_gates,0.0,0.0
119,pallets_awaiting_gates,0.0,0.0
0,receiving_buffer_pallets,0.0,0.0
1,receiving_buffer_pallets,0.0,0.0
2,receiving_buffer_pallets,0.0,0.0
3,receiving_buffer_pallets,0.0,0.0
4,receiving_buffer_pallets,0.0,0.0
5,receiving_buffer_pallets,0.0,0.0
6,receiving_buffer_pallets,0.0,0.0
7,receiving_buffer_pallets,0.0,0.0
8,receiving_buffer_pallets,0.0,0.0
9,receiving_buffer_pallets,0.0,0.0
10,receiving_buffer_pallets,0.0,0.0
11,receiving_buffer_pallets,0.0,0.0
12,receiving_buffer_pallets,0.0,0.0
13,receiving_buffer_pallets,0.0,0.0
14,receiving_buffer_pallets,0.0,0.0
15,receiving_buffer_pallets,0.0,0.0
16,receiving_buffer_pallets,0.0,0.0
17,receiving_buffer_pallets,0.0,0.0
18,receiving_buffer_pallets,0.0,0.0
19,receiving_buffer_pallets,0.0,0.0
20,receiving_buffer_pallets,0.0,0.0
21,receiving_buffer_pallets,0.0,0.0
22,receiving_buffer_pallets,0.0,0.0
23,receiving_buffer_pallets,0.0,0.0
24,receiving_buffer_pallets,0.0,0.0
25,receiving_buffer_pallets,0.0,0.0
26,receiving_buffer_pallets,0.0,0.0
27,receiving_buffer_pallets,0.0,0.0
28,receiving_buffer_pallets,0.0,0.0
29,receiving_buffer_pallets,0.0,0.0
30,receiving_buffer_pallets,0.0,0.0
31,receiving_buffer_pallets,0.0,0.0
32,receiving_buffer_pallets,0.0,0.0
33,receiving_buffer_pallets,0.0,0.0
34,receiving_buffer_pallets,0.0,0.0
35,receiving_buffer_pallets,0.0,0.0
36,receiving_buffer_pallets,0.0,0.0
37,receiving_buffer_pallets,0.0,0.0
38,receiving_buffer_pallets,0.0,0.0
39,receiving_buffer_pallets,0.0,0.0
40,receiving_buffer_pallets,0.0,0.0
41,receiving_buffer_pallets,0.0,0.0
42,receiving_buffer_pallets,0.0,0.0
43,receiving_buffer_pallets,0.0,0.0
44,receiving_buffer_pallets,0.0,0.0
45,receiving_buffer_pallets,0.0,0.0
46,receiving_buffer_pallets,0.0,0.0
47,receiving_buffer_pallets,0.0,0.0
48,receiving_buffer_pallets,0.0,0.0
49,receiving_buffer_pallets,0.0,0.0
50,receiving_buffer_pallets,0.0,0.0
51,receiving_buffer_pallets,0.0,0.0
52,receiving_buffer_pallets,0.0,0.0
53,receiving_buffer_pallets,0.0,0.0
54,receiving_buffer_pallets,0.0,0.0
55,receiving_buffer_pallets,0.0,0.0
56,receiving_buffer_pallets,0.0,0.0
57,receiving_buffer_pallets,0.0,0.0
58,receiving_buffer_pallets,0.0,0.0
59,receiving_buffer_pallets,0.0,0.0
60,receiving_buffer_pallets,0.0,0.0
61,receiving_buffer_pallets,0.0,0.0
62,receiving_buffer_pallets,0.0,0.0
63,receiving_buffer_pallets,0.0,0.0
64,receiving_buffer_pallets,0.0,0.0
65,receiving_buffer_pallets,0.0,0.0
66,receiving_buffer_pallets,0.0,0.0
67,receiving_buffer_pallets,0.0,0.0
68,receiving_buffer_pallets,0.0,0.0
69,receiving_buffer_pallets,0.0,0.0
70,receiving_buffer_pallets,0.0,0.0
71,receiving_buffer_pallets,0.0,0.0
72,receiving_buffer_pallets,0.0,0.0
73,receiving_buffer_pallets,0.0,0.0
74,receiving_buffer_pallets,0.0,0.0
75,receiving_buffer_pallets,0.0,0.0
76,receiving_buffer_pallets,0.0,0.0
77,receiving_buffer_pallets,0.0,0.0
78,receiving_buffer_pallets,0.0,0.0
79,receiving_buffer_pallets,0.0,0.0
80,receiving_buffer_pallets,0.0,0.0
81,receiving_buffer_pallets,0.0,0.0
82,receiving_buffer_pallets,0.0,0.0
83,receiving_buffer_pallets,0.0,0.0
84,receiving_buffer_pallets,0.0,0.0
85,receiving_buffer_pallets,0.0,0.0
86,receiving_buffer_pallets,0.0,0.0
87,receiving_buffer_pallets,0.0,0.0
88,receiving_buffer_pallets,0.0,0.0
89,receiving_buffer_pallets,0.0,0.0
90,receiving_buffer_pallets,0.0,0.0
91,receiving_buffer_pallets,0.0,0.0
92,receiving_buffer_pallets,0.0,0.0
93,receiving_buffer_pallets,0.0,0.0
94,receiving_buffer_pallets,0.0,0.0
95,receiving_buffer_pallets,0.0,0.0
96,receiving_buffer_pallets,0.0,0.0
97,receiving_buffer_pallets,0.0,0.0
98,receiving_buffer_pallets,0.0,0.0
99,receiving_buffer_pallets,0.0,0.0
100,receiving_buffer_pallets,0.0,0.0
101,receiving_buffer_pallets,0.0,0.0
102,receiving_buffer_pallets,0.0,0.0
103,receiving_buffer_pallets,0.0,0.0
104,receiving_buffer_pallets,0.0,0.0
105,receiving_buffer_pallets,0.0,0.0
106,receiving_buffer_pallets,0.0,0.0
107,receiving_buffer_pallets,0.0,0.0
108,receiving_buffer_pallets,0.0,0.0
109,receiving_buffer_pallets,0.0,0.0
110,receiving_buffer_pallets,0.0,0.0
111,receiving_buffer_pallets,0.0,0.0
112,receiving_buffer_pallets,0.0,0.0
113,receiving_buffer_pallets,0.0,0.0
114,receiving_buffer_pallets,0.0,0.0
115,receiving_buffer_pallets,0.0,0.0
116,receiving_buffer_pallets,0.0,0.0
117,receiving_buffer_pallets,0.0,0.0
118,receiving_buffer_pallets,0.0,0.0
119,receiving_buffer_pallets,0.0,0.0
0,sealing_queue_boxes,0.0,0.0
1,sealing_queue_boxes,0.0,0.0
2,sealing_queue_boxes,0.0,0.0
3,sealing_queue_boxes,0.0,0.0
4,sealing_queue_boxes,0.0,0.0
5,sealing_queue_boxes,0.0,0.0
6,sealing_queue_boxes,0.0,0.0
7,sealing_queue_boxes,0.0,0.0
8,sealing_queue_boxes,0.0,0.0
9,sealing_queue_boxes,0.0,0.0
10,sealing_queue_boxes,0.0,0.0
11,sealing_queue_boxes,0.0,0.0
12,sealing_queue_boxes,0.0,0.0
13,sealing_queue_boxes,0.0,0.0
14,sealing_queue_boxes,0.0,0.0
15,sealing_queue_boxes,0.0,0.0
16,sealing_queue_boxes,0.0,0.0
17,sealing_queue_boxes,0.0,0.0
18,sealing_queue_boxes,0.0,0.0
19,sealing_queue_boxes,1.0,2.0
20,sealing_queue_boxes,0.0,0.0
21,sealing_queue_boxes,0.5,1.0
22,sealing_queue_boxes,0.0,0.0
23,sealing_queue_boxes,0.0,0.0
24,sealing_queue_boxes,0.0,0.0
25,sealing_queue_boxes,0.0,0.0
26,sealing_queue_boxes,0.5,1.0
27,sealing_queue_boxes,0.0,0.0
28,sealing_queue_boxes,0.0,0.0
29,sealing_queue_boxes,0.0,0.0
30,sealing_queue_boxes,0.0,0.0
31,sealing_queue_boxes,0.0,0.0
32,sealing_queue_boxes,1.0,2.0
33,sealing_queue_boxes,2.5,5.0
34,sealing_queue_boxes,0.0,0.0
35,sealing_queue_boxes,0.0,0.0
36,sealing_queue_boxes,1.0,2.0
37,sealing_queue_boxes,0.0,0.0
38,sealing_queue_boxes,2.0,4.0
39,sealing_queue_boxes,0.5,1.0
40,sealing_queue_boxes,0.0,0.0
41,sealing_queue_boxes,0.0,0.0
42,sealing_queue_boxes,0.5,1.0
43,sealing_queue_boxes,0.0,0.0
44,sealing_queue_boxes,0.0,0.0
45,sealing_queue_boxes,0.5,1.0
46,sealing_queue_boxes,0.0,0.0
47,sealing_queue_boxes,0.0,0.0
48,sealing_queue_boxes,0.0,0.0
49,sealing_queue_boxes,1.5,3.0
50,sealing_queue_boxes,17.5,23.0
51,sealing_queue_boxes,26.0,31.0
52,sealing_queue_boxes,11.0,16.0
53,sealing_queue_boxes,3.0,6.0
54,sealing_queue_boxes,1.0,2.0
55,sealing_queue_boxes,0.5,1.0
56,sealing_queue_boxes,0.5,1.0
57,sealing_queue_boxes,1.5,3.0
58,sealing_queue_boxes,0.0,0.0
59,sealing_queue_boxes,0.0,0.0
60,sealing_queue_boxes,2.0,4.0
61,sealing_queue_boxes,0.5,1.0
62,sealing_queue_boxes,0.0,0.0
63,sealing_queue_boxes,0.0,0.0
64,sealing_queue_boxes,1.0,2.0
65,sealing_queue_boxes,0.0,0.0
66,sealing_queue_boxes,0.0,0.0
67,sealing_queue_boxes,0.0,0.0
68,sealing_queue_boxes,0.0,0.0
69,sealing_queue_boxes,0.5,1.0
70,sealing_queue_boxes,0.0,0.0
71,sealing_queue_boxes,0.0,0.0
72,sealing_queue_boxes,0.0,0.0
73,sealing_queue_boxes,0.0,0.0
74,sealing_queue_boxes,0.0,0.0
75,sealing_queue_boxes,0.0,0.0
76,sealing_queue_boxes,0.0,0.0
77,sealing_queue_boxes,1.5,2.0
78,sealing_queue_boxes,0.0,0.0
79,sealing_queue_boxes,0.0,0.0
80,sealing_queue_boxes,1.5,3.0
81,sealing_queue_boxes,0.5,1.0
82,sealing_queue_boxes,0.0,0.0
83,sealing_queue_boxes,1.5,2.0
84,sealing_queue_boxes,1.0,2.0
85,sealing_queue_boxes,4.5,7.0
86,sealing_queue_boxes,0.5,1.0
87,sealing_queue_boxes,3.0,6.0
88,sealing_queue_boxes,1.5,3.0
89,sealing_queue_boxes,0.5,1.0
90,sealing_queue_boxes,2.0,4.0
91,sealing_queue_boxes,1.0,1.0
92,sealing_queue_boxes,1.5,3.0
93,sealing_queue_boxes,0.5,1.0
94,sealing_queue_boxes,1.5,2.0
95,sealing_queue_boxes,1.0,2.0
96,sealing_queue_boxes,2.5,5.0
97,sealing_queue_boxes,6.0,10.0
98,sealing_queue_boxes,4.5,9.0
99,sealing_queue_boxes,3.5,7.0
100,sealing_queue_boxes,1.5,3.0
101,sealing_queue_boxes,1.5,3.0
102,sealing_queue_boxes,0.5,1.0
103,sealing_queue_boxes,3.0,6.0
104,sealing_queue_boxes,0.0,0.0
105,sealing_queue_boxes,0.0,0.0
106,sealing_queue_boxes,0.0,0.0
107,sealing_queue_boxes,0.0,0.0
108,sealing_queue_boxes,0.5,1.0
109,sealing_queue_boxes,1.0,2.0
110,sealing_queue_boxes,0.5,1.0
111,sealing_queue_boxes,1.0,1.0
112,sealing_queue_boxes,0.0,0.0
113,sealing_queue_boxes,2.0,4.0
114,sealing_queue_boxes,0.5,1.0
115,sealing_queue_boxes,0.0,0.0
116,sealing_queue_boxes,0.5,1.0
117,sealing_queue_boxes,0.0,0.0
118,sealing_queue_boxes,0.5,1.0
119,sealing_queue_boxes,0.5,1.0
0,shipping_buffer_boxes,0.0,0.0
1,shipping_buffer_boxes,0.0,0.0
2,shipping_buffer_boxes,0.0,0.0
3,shipping_buffer_boxes,0.0,0.0
4,shipping_buffer_boxes,0.0,0.0
5,shipping_buffer_boxes,0.0,0.0
6,shipping_buffer_boxes,0.0,0.0
7,shipping_buffer_boxes,0.0,0.0
8,shipping_buffer_boxes,0.0,0.0
9,shipping_buffer_boxes,0.0,0.0
10,shipping_buffer_boxes,9.0,18.0
11,shipping_buffer_boxes,52.5,61.0
12,shipping_buffer_boxes,101.0,113.0
13,shipping_buffer_boxes,0.0,0.0
14,shipping_buffer_boxes,20.5,31.0
15,shipping_buffer_boxes,27.5,55.0
16,shipping_buffer_boxes,0.0,0.0
17,shipping_buffer_boxes,2.5,5.0
18,shipping_buffer_boxes,0.0,0.0
19,shipping_buffer_boxes,0.0,0.0
20,shipping_buffer_boxes,0.0,0.0
21,shipping_buffer_boxes,0.0,0.0
22,shipping_buffer_boxes,0.0,0.0
23,shipping_buffer_boxes,0.0,0.0
24,shipping_buffer_boxes,0.0,0.0
25,shipping_buffer_boxes,0.0,0.0
26,shipping_buffer_boxes,12.5,25.0
27,shipping_buffer_boxes,9.5,19.0
28,shipping_buffer_boxes,0.0,0.0
29,shipping_buffer_boxes,0.0,0.0
30,shipping_buffer_boxes,0.0,0.0
31,shipping_buffer_boxes,0.0,0.0
32,shipping_buffer_boxes,0.0,0.0
33,shipping_buffer_boxes,0.0,0.0
34,shipping_buffer_boxes,2.5,5.0
35,shipping_buffer_boxes,9.5,14.0
36,shipping_buffer_boxes,0.0,0.0
37,shipping_buffer_boxes,0.0,0.0
38,shipping_buffer_boxes,0.0,0.0
39,shipping_buffer_boxes,0.0,0.0
40,shipping_buffer_boxes,1.5,3.0
41,shipping_buffer_boxes,2.5,5.0
42,shipping_buffer_boxes,2.0,4.0
43,shipping_buffer_boxes,0.0,0.0
44,shipping_buffer_boxes,0.0,0.0
45,shipping_buffer_boxes,0.0,0.0
46,shipping_buffer_boxes,0.0,0.0
47,shipping_buffer_boxes,0.0,0.0
48,shipping_buffer_boxes,0.5,1.0
49,shipping_buffer_boxes,2.0,4.0
50,shipping_buffer_boxes,0.0,0.0
51,shipping_buffer_boxes,0.0,0.0
52,shipping_buffer_boxes,7.0,9.0
53,shipping_buffer_boxes,19.0,21.0
54,shipping_buffer_boxes,19.5,27.0
55,shipping_buffer_boxes,14.0,20.0
56,shipping_buffer_boxes,0.0,0.0
57,shipping_buffer_boxes,0.0,0.0
58,shipping_buffer_boxes,0.0,0.0
59,shipping_buffer_boxes,0.0,0.0
60,shipping_buffer_boxes,0.0,0.0
61,shipping_buffer_boxes,0.0,0.0
62,shipping_buffer_boxes,0.0,0.0
63,shipping_buffer_boxes,0.0,0.0
64,shipping_buffer_boxes,0.0,0.0
65,shipping_buffer_boxes,0.0,0.0
66,shipping_buffer_boxes,0.0,0.0
67,shipping_buffer_boxes,0.0,0.0
68,shipping_buffer_boxes,0.0,0.0
69,shipping_buffer_boxes,0.0,0.0
70,shipping_buffer_boxes,0.0,0.0
71,shipping_buffer_boxes,5.5,11.0
72,shipping_buffer_boxes,0.0,0.0
73,shipping_buffer_boxes,0.0,0.0
74,shipping_buffer_boxes,0.0,0.0
75,shipping_buffer_boxes,0.0,0.0
76,shipping_buffer_boxes,0.0,0.0
77,shipping_buffer_boxes,0.0,0.0
78,shipping_buffer_boxes,1.5,3.0
79,shipping_buffer_boxes,0.0,0.0
80,shipping_buffer_boxes,0.0,0.0
81,shipping_buffer_boxes,0.0,0.0
82,shipping_buffer_boxes,0.0,0.0
83,shipping_buffer_boxes,0.0,0.0
84,shipping_buffer_boxes,0.0,0.0
85,shipping_buffer_boxes,3.5,7.0
86,shipping_buffer_boxes,0.0,0.0
87,shipping_buffer_boxes,3.0,6.0
88,shipping_buffer_boxes,0.0,0.0
89,shipping_buffer_boxes,0.5,1.0
90,shipping_buffer_boxes,0.0,0.0
91,shipping_buffer_boxes,0.0,0.0
92,shipping_buffer_boxes,0.0,0.0
93,shipping_buffer_boxes,0.0,0.0
94,shipping_buffer_boxes,0.0,0.0
95,shipping_buffer_boxes,7.0,14.0
96,shipping_buffer_boxes,0.5,1.0
97,shipping_buffer_boxes,0.0,0.0
98,shipping_buffer_boxes,2.5,5.0
99,shipping_buffer_boxes,0.5,1.0
100,shipping_buffer_boxes,3.5,4.0
101,shipping_buffer_boxes,3.0,6.0
102,shipping_buffer_boxes,0.0,0.0
103,shipping_buffer_boxes,0.0,0.0
104,shipping_buffer_boxes,2.0,4.0
105,shipping_buffer_boxes,0.0,0.0
106,shipping_buffer_boxes,0.5,1.0
107,shipping_buffer_boxes,0.0,0.0
108,shipping_buffer_boxes,0.0,0.0
109,shipping_buffer_boxes,0.5,1.0
110,shipping_buffer_boxes,0.0,0.0
111,shipping_buffer_boxes,0.0,0.0
112,shipping_buffer_boxes,3.5,7.0
113,shipping_buffer_boxes,0.0,0.0
114,shipping_buffer_boxes,0.0,0.0
115,shipping_buffer_boxes,0.0,0.0
116,shipping_buffer_boxes,2.0,4.0
117,shipping_buffer_boxes,0.0,0.0
118,shipping_buffer_boxes,0.0,0.0
119,shipping_buffer_boxes,0.0,0.0
0,sorter_queues_total_batches,0.0,0.0
1,sorter_queues_total_batches,0.0,0.0
2,sorter_queues_total_batches,0.0,0.0
3,sorter_queues_total_batches,0.0,0.0
4,sorter_queues_total_batches,3.5,7.0
5,sorter_queues_total_batches,30.0,37.0
6,sorter_queues_total_batches,23.5,25.0
7,sorter_queues_total_batches,19.0,30.0
8,sorter_queues_total_batches,22.5,35.0
9,sorter_queues_total_batches,25.5,31.0
10,sorter_queues_total_batches,26.0,36.0
11,sorter_queues_total_batches,10.0,17.0
12,sorter_queues_total_batches,23.0,30.0
13,sorter_queues_total_batches,13.5,17.0
14,sorter_queues_total_batches,7.0,10.0
15,sorter_queues_total_batches,18.5,26.0
16,sorter_queues_total_batches,21.5,33.0
17,sorter_queues_total_batches,34.0,44.0
18,sorter_queues_total_batches,23.0,24.0
19,sorter_queues_total_batches,17.0,30.0
20,sorter_queues_total_batches,20.0,28.0
21,sorter_queues_total_batches,27.0,39.0
22,sorter_queues_total_batches,29.0,39.0
23,sorter_queues_total_batches,12.5,15.0
24,sorter_queues_total_batches,19.5,25.0
25,sorter_queues_total_batches,21.5,24.0
26,sorter_queues_total_batches,4.0,7.0
27,sorter_queues_total_batches,16.5,23.0
28,sorter_queues_total_batches,19.5,23.0
29,sorter_queues_total_batches,34.0,44.0
30,sorter_queues_total_batches,27.5,33.0
31,sorter_queues_total_batches,25.5,39.0
32,sorter_queues_total_batches,20.5,31.0
33,sorter_queues_total_batches,23.5,31.0
34,sorter_queues_total_batches,26.5,34.0
35,sorter_queues_total_batches,13.0,18.0
36,sorter_queues_total_batches,28.5,37.0
37,sorter_queues_total_batches,16.0,20.0
38,sorter_queues_total_batches,8.0,11.0
39,sorter_queues_total_batches,16.5,22.0
40,sorter_queues_total_batches,20.5,30.0
41,sorter_queues_total_batches,26.0,30.0
42,sorter_queues_total_batches,20.0,24.0
43,sorter_queues_total_batches,20.0,36.0
44,sorter_queues_total_batches,23.5,32.0
45,sorter_queues_total_batches,27.5,38.0
46,sorter_queues_total_batches,26.5,33.0
47,sorter_queues_total_batches,17.0,24.0
48,sorter_queues_total_batches,23.5,33.0
49,sorter_queues_total_batches,18.0,22.0
50,sorter_queues_total_batches,10.0,15.0
51,sorter_queues_total_batches,20.5,31.0
52,sorter_queues_total_batches,16.5,25.0
53,sorter_queues_total_batches,27.5,35.0
54,sorter_queues_total_batches,23.0,25.0
55,sorter_queues_total_batches,17.5,26.0
56,sorter_queues_total_batches,22.5,32.0
57,sorter_queues_total_batches,25.5,38.0
58,sorter_queues_total_batches,26.0,35.0
59,sorter_queues_total_batches,14.0,23.0
60,sorter_queues_total_batches,23.5,29.0
61,sorter_queues_total_batches,18.0,24.0
62,sorter_queues_total_batches,9.0,9.0
63,sorter_queues_total_batches,13.0,19.0
64,sorter_queues_total_batches,14.5,22.0
65,sorter_queues_total_batches,32.5,34.0
66,sorter_queues_total_batches,23.5,26.0
67,sorter_queues_total_batches,17.5,29.0
68,sorter_queues_total_batches,22.0,33.0
69,sorter_queues_total_batches,24.5,36.0
70,sorter_queues_total_batches,26.0,35.0
71,sorter_queues_total_batches,11.0,17.0
72,sorter_queues_total_batches,24.0,26.0
73,sorter_queues_total_batches,18.0,22.0
74,sorter_queues_total_batches,7.5,10.0
75,sorter_queues_total_batches,15.0,22.0
76,sorter_queues_total_batches,18.0,26.0
77,sorter_queues_total_batches,35.5,40.0
78,sorter_queues_total_batches,24.0,25.0
79,sorter_queues_total_batches,20.0,32.0
80,sorter_queues_total_batches,25.0,32.0
81,sorter_queues_total_batches,29.0,38.0
82,sorter_queues_total_batches,24.0,33.0
83,sorter_queues_total_batches,12.0,18.0
84,sorter_queues_total_batches,24.0,32.0
85,sorter_queues_total_batches,17.0,21.0
86,sorter_queues_total_batches,6.5,11.0
87,sorter_queues_total_batches,18.0,24.0
88,sorter_queues_total_batches,23.5,35.0
89,sorter_queues_total_batches,29.0,36.0
90,sorter_queues_total_batches,26.0,30.0
91,sorter_queues_total_batches,13.5,22.0
92,sorter_queues_total_batches,23.5,34.0
93,sorter_queues_total_batches,25.0,34.0
94,sorter_queues_total_batches,24.0,28.0
95,sorter_queues_total_batches,10.5,17.0
96,sorter_queues_total_batches,26.5,34.0
97,sorter_queues_total_batches,14.0,19.0
98,sorter_queues_total_batches,3.5,4.0
99,sorter_queues_total_batches,15.0,18.0
100,sorter_queues_total_batches,20.0,28.0
101,sorter_queues_total_batches,29.0,37.0
102,sorter_queues_total_batches,23.5,26.0
103,sorter_queues_total_batches,17.0,30.0
104,sorter_queues_total_batches,21.5,33.0
105,sorter_queues_total_batches,25.0,36.0
106,sorter_queues_total_batches,27.5,33.0
107,sorter_queues_total_batches,9.5,14.0
108,sorter_queues_total_batches,22.0,30.0
109,sorter_queues_total_batches,16.0,19.0
110,sorter_queues_total_batches,4.0,4.0
111,sorter_queues_total_batches,13.5,17.0
112,sorter_queues_total_batches,21.0,25.0
113,sorter_queues_total_batches,29.5,33.0
114,sorter_queues_total_batches,30.5,36.0
115,sorter_queues_total_batches,17.0,30.0
116,sorter_queues_total_batches,24.0,31.0
117,sorter_queues_total_batches,27.5,36.0
118,sorter_queues_total_batches,28.0,31.0
119,sorter_queues_total_batches,16.0,21.0
0,tare_pool_empty_boxes,0.0,0.0
1,tare_pool_empty_boxes,0.0,0.0
2,tare_pool_empty_boxes,0.0,0.0
3,tare_pool_empty_boxes,0.0,0.0
4,tare_pool_empty_boxes,5.0,10.0
5,tare_pool_empty_boxes,27.5,31.0
6,tare_pool_empty_boxes,40.5,43.0
7,tare_pool_empty_boxes,48.5,49.0
8,tare_pool_empty_boxes,54.0,55.0
9,tare_pool_empty_boxes,56.5,59.0
10,tare_pool_empty_boxes,63.5,66.0
11,tare_pool_empty_boxes,68.0,70.0
12,tare_pool_empty_boxes,70.0,72.0
13,tare_pool_empty_boxes,72.5,76.0
14,tare_pool_empty_boxes,73.5,74.0
15,tare_pool_empty_boxes,71.0,72.0
16,tare_pool_empty_boxes,72.5,73.0
17,tare_pool_empty_boxes,72.5,73.0
18,tare_pool_empty_boxes,67.5,68.0
19,tare_pool_empty_boxes,59.0,62.0
20,tare_pool_empty_boxes,54.5,55.0
21,tare_pool_empty_boxes,53.0,55.0
22,tare_pool_empty_boxes,51.5,55.0
23,tare_pool_empty_boxes,44.0,45.0
24,tare_pool_empty_boxes,31.5,34.0
25,tare_pool_empty_boxes,27.5,28.0
26,tare_pool_empty_boxes,17.5,18.0
27,tare_pool_empty_boxes,18.5,19.0
28,tare_pool_empty_boxes,9.5,12.0
29,tare_pool_empty_boxes,10.0,11.0
30,tare_pool_empty_boxes,3.5,4.0
31,tare_pool_empty_boxes,4.0,6.0
32,tare_pool_empty_boxes,2.0,4.0
33,tare_pool_empty_boxes,2.5,5.0
34,tare_pool_empty_boxes,4.5,5.0
35,tare_pool_empty_boxes,3.0,3.0
36,tare_pool_empty_boxes,3.0,4.0
37,tare_pool_empty_boxes,5.0,7.0
38,tare_pool_empty_boxes,1.0,2.0
39,tare_pool_empty_boxes,2.0,3.0
40,tare_pool_empty_boxes,1.5,2.0
41,tare_pool_empty_boxes,5.0,5.0
42,tare_pool_empty_boxes,3.0,4.0
43,tare_pool_empty_boxes,1.0,2.0
44,tare_pool_empty_boxes,3.5,4.0
45,tare_pool_empty_boxes,2.0,4.0
46,tare_pool_empty_boxes,2.0,3.0
47,tare_pool_empty_boxes,1.0,2.0
48,tare_pool_empty_boxes,1.5,2.0
49,tare_pool_empty_boxes,1.5,3.0
50,tare_pool_empty_boxes,0.0,0.0
51,tare_pool_empty_boxes,1.5,3.0
52,tare_pool_empty_boxes,2.5,5.0
53,tare_pool_empty_boxes,3.5,7.0
54,tare_pool_empty_boxes,3.0,4.0
55,tare_pool_empty_boxes,2.0,2.0
56,tare_pool_empty_boxes,8.0,10.0
57,tare_pool_empty_boxes,2.0,4.0
58,tare_pool_empty_boxes,2.0,3.0
59,tare_pool_empty_boxes,1.0,2.0
60,tare_pool_empty_boxes,3.0,4.0
61,tare_pool_empty_boxes,1.0,1.0
62,tare_pool_empty_boxes,1.0,2.0
63,tare_pool_empty_boxes,2.5,4.0
64,tare_pool_empty_boxes,5.5,9.0
65,tare_pool_empty_boxes,2.5,4.0
66,tare_pool_empty_boxes,2.0,2.0
67,tare_pool_empty_boxes,1.5,3.0
68,tare_pool_empty_boxes,3.0,4.0
69,tare_pool_empty_boxes,2.0,3.0
70,tare_pool_empty_boxes,9.5,12.0
71,tare_pool_empty_boxes,2.5,3.0
72,tare_pool_empty_boxes,2.0,4.0
73,tare_pool_empty_boxes,2.0,4.0
74,tare_pool_empty_boxes,1.5,3.0
75,tare_pool_empty_boxes,1.5,3.0
76,tare_pool_empty_boxes,5.0,8.0
77,tare_pool_empty_boxes,3.0,3.0
78,tare_pool_empty_boxes,5.0,8.0
79,tare_pool_empty_boxes,1.0,2.0
80,tare_pool_empty_boxes,2.0,4.0
81,tare_pool_empty_boxes,6.5,10.0
82,tare_pool_empty_boxes,4.0,5.0
83,tare_pool_empty_boxes,0.0,0.0
84,tare_pool_empty_boxes,6.5,11.0
85,tare_pool_empty_boxes,1.0,2.0
86,tare_pool_empty_boxes,3.5,5.0
87,tare_pool_empty_boxes,0.0,0.0
88,tare_pool_empty_boxes,2.0,2.0
89,tare_pool_empty_boxes,2.5,3.0
90,tare_pool_empty_boxes,2.0,4.0
91,tare_pool_empty_boxes,5.0,8.0
92,tare_pool_empty_boxes,2.5,3.0
93,tare_pool_empty_boxes,3.5,5.0
94,tare_pool_empty_boxes,0.0,0.0
95,tare_pool_empty_boxes,2.5,5.0
96,tare_pool_empty_boxes,1.0,2.0
97,tare_pool_empty_boxes,3.0,6.0
98,tare_pool_empty_boxes,0.5,1.0
99,tare_pool_empty_boxes,1.0,2.0
100,tare_pool_empty_boxes,0.5,1.0
101,tare_pool_empty_boxes,1.5,3.0
102,tare_pool_empty_boxes,1.5,2.0
103,tare_pool_empty_boxes,2.0,4.0
104,tare_pool_empty_boxes,6.0,8.0
105,tare_pool_empty_boxes,3.5,4.0
106,tare_pool_empty_boxes,5.0,6.0
107,tare_pool_empty_boxes,0.5,1.0
108,tare_pool_empty_boxes,2.0,3.0
109,tare_pool_empty_boxes,2.0,3.0
110,tare_pool_empty_boxes,1.5,3.0
111,tare_pool_empty_boxes,1.5,3.0
112,tare_pool_empty_boxes,7.5,8.0
113,tare_pool_empty_boxes,2.0,3.0
114,tare_pool_empty_boxes,2.0,3.0
115,tare_pool_empty_boxes,2.5,4.0
116,tare_pool_empty_boxes,2.5,3.0
117,tare_pool_empty_boxes,3.0,4.0
118,tare_pool_empty_boxes,2.5,3.0
119,tare_pool_empty_boxes,2.0,3.0
